<?xml version="1.0" encoding="utf-8"?>
<manifest xmlns="http://www.jihuodi.com" versionCode="0.8,1.0">
	<application setting="false">
		<name><![CDATA[叮咚-超级外卖餐饮小程序]]></name>
		<identifie><![CDATA[zh_cjdianc]]></identifie>
		<version><![CDATA[6.3.7]]></version>
		<type><![CDATA[biz]]></type>
		<ability><![CDATA[帮助餐饮企业降低成本、提高效率,实现顾客引流、会员沉淀、企业发展的经营目标。]]></ability>
		<description><![CDATA[志汇-超级餐饮外卖小程序，专注于餐饮O2O的解决方案提供商,为餐厅提供整合线上线下资源整合、轻松实现O2O。本软件集点餐、收银、成本控制、管理、营销于一体的会营销的餐饮管理软件]]></description>
		<author><![CDATA[集货地资源]]></author>
		<url><![CDATA[http://www.jihuodi.com/]]></url>
	</application>

	<platform>
		<subscribes>
		</subscribes>

		<handles>
		</handles>

		<rule embed="false" /> 
		<card embed="false" />
		<oauth type="1" />
		
		<supports>
			<item type="wxapp" />
		</supports>
	</platform>

	<bindings>
		<page>
			<entry title="首页" do="/zh_cjdianc/pages/index/index" state="" direct="false"/>
		</page>
	</bindings>

	<permissions>
	</permissions>

	<install><![CDATA[
CREATE TABLE IF NOT EXISTS `ims_cjdc_account` (
  `id` int(11) NOT NULL AUTO_INCREMENT,
  `weid` int(10) unsigned NOT NULL DEFAULT '0' COMMENT '所属帐号',
  `storeid` varchar(1000) NOT NULL,
  `uid` int(10) unsigned NOT NULL DEFAULT '0',
  `from_user` varchar(100) NOT NULL DEFAULT '',
  `accountname` varchar(50) NOT NULL DEFAULT '',
  `password` varchar(200) NOT NULL DEFAULT '',
  `salt` varchar(10) NOT NULL DEFAULT '',
  `pwd` varchar(50) NOT NULL,
  `mobile` varchar(20) NOT NULL,
  `email` varchar(20) NOT NULL,
  `username` varchar(50) NOT NULL,
  `pay_account` varchar(200) NOT NULL,
  `displayorder` tinyint(3) unsigned NOT NULL DEFAULT '0' COMMENT '排序',
  `dateline` int(10) unsigned NOT NULL DEFAULT '0',
  `status` tinyint(1) unsigned NOT NULL DEFAULT '2' COMMENT '状态',
  `role` tinyint(1) unsigned NOT NULL DEFAULT '1' COMMENT '1:店长,2:店员',
  `lastvisit` int(10) unsigned NOT NULL DEFAULT '0',
  `lastip` varchar(15) NOT NULL,
  `areaid` int(10) NOT NULL DEFAULT '0' COMMENT '区域id',
  `is_admin_order` tinyint(1) unsigned NOT NULL DEFAULT '1',
  `is_notice_order` tinyint(1) unsigned NOT NULL DEFAULT '1',
  `is_notice_queue` tinyint(1) unsigned NOT NULL DEFAULT '1',
  `is_notice_service` tinyint(1) unsigned NOT NULL DEFAULT '1',
  `is_notice_boss` tinyint(1) NOT NULL DEFAULT '0',
  `remark` varchar(1000) NOT NULL DEFAULT '' COMMENT '备注',
  `lat` decimal(18,10) NOT NULL DEFAULT '0.0000000000' COMMENT '经度',
  `lng` decimal(18,10) NOT NULL DEFAULT '0.0000000000' COMMENT '纬度',
  `authority` text NOT NULL,
  PRIMARY KEY (`id`)
) ENGINE=MyISAM AUTO_INCREMENT=23 DEFAULT CHARSET=utf8;


CREATE TABLE IF NOT EXISTS `ims_cjdc_ad` (
  `id` int(11) NOT NULL AUTO_INCREMENT,
  `logo` varchar(200) NOT NULL,
  `src` varchar(100) NOT NULL COMMENT '内部链接',
  `src2` varchar(200) NOT NULL COMMENT '外部链接',
  `created_time` varchar(20) NOT NULL COMMENT '创建时间',
  `orderby` int(11) NOT NULL COMMENT '排序',
  `status` int(11) NOT NULL COMMENT '1.启用2.禁用',
  `type` int(11) NOT NULL COMMENT '类型',
  `appid` varchar(20) NOT NULL COMMENT '小程序appid',
  `title` varchar(20) NOT NULL COMMENT '小程序appid',
  `xcx_name` varchar(20) NOT NULL COMMENT '小程序名称',
  `item` int(11) NOT NULL COMMENT '1.内部2.外部3.跳转小程序',
  `uniacid` int(11) NOT NULL,
  PRIMARY KEY (`id`)
) ENGINE=InnoDB AUTO_INCREMENT=34 DEFAULT CHARSET=utf8;


CREATE TABLE IF NOT EXISTS `ims_cjdc_area` (
  `id` int(11) NOT NULL AUTO_INCREMENT,
  `area_name` varchar(20) NOT NULL COMMENT '区域名称',
  `num` int(11) NOT NULL COMMENT '排序',
  `uniacid` int(11) NOT NULL,
  PRIMARY KEY (`id`)
) ENGINE=InnoDB DEFAULT CHARSET=utf8 COMMENT='门店区域';


CREATE TABLE IF NOT EXISTS `ims_cjdc_assess` (
  `id` int(11) NOT NULL AUTO_INCREMENT,
  `user_id` int(11) NOT NULL,
  `store_id` int(11) NOT NULL,
  `content` text NOT NULL,
  `img` text NOT NULL,
  `stars` int(11) NOT NULL,
  `uniacid` int(11) NOT NULL,
  `time` varchar(20) NOT NULL,
  `state` int(11) NOT NULL COMMENT '1.未回复2.已回复',
  `order_id` int(11) NOT NULL,
  `hf` text NOT NULL,
  `hf_time` varchar(20) NOT NULL,
  PRIMARY KEY (`id`)
) ENGINE=InnoDB DEFAULT CHARSET=utf8;


CREATE TABLE IF NOT EXISTS `ims_cjdc_call` (
  `id` int(11) NOT NULL AUTO_INCREMENT,
  `store_id` int(11) NOT NULL COMMENT '门店ID',
  `is_open` int(4) NOT NULL DEFAULT '2' COMMENT '1开启,2关闭',
  `appid` varchar(20) NOT NULL,
  `apikey` varchar(50) NOT NULL,
  `src` varchar(50) NOT NULL COMMENT '音频文件路径',
  `uniacid` int(11) NOT NULL,
  PRIMARY KEY (`id`)
) ENGINE=InnoDB DEFAULT CHARSET=utf8 COMMENT='讯飞表';


CREATE TABLE IF NOT EXISTS `ims_cjdc_calllog` (
  `id` int(11) NOT NULL AUTO_INCREMENT,
  `user_id` int(11) NOT NULL COMMENT '用户id',
  `store_id` int(11) NOT NULL COMMENT '门店ID',
  `table_id` int(11) NOT NULL COMMENT '餐桌ID',
  `time` int(11) NOT NULL,
  `uniacid` int(11) NOT NULL,
  `state` int(4) NOT NULL DEFAULT '2',
  PRIMARY KEY (`id`)
) ENGINE=InnoDB DEFAULT CHARSET=utf8 COMMENT='呼叫记录';


CREATE TABLE IF NOT EXISTS `ims_cjdc_collection` (
  `id` int(11) unsigned NOT NULL AUTO_INCREMENT,
  `user_id` int(11) NOT NULL,
  `store_id` int(11) NOT NULL,
  `state` int(4) NOT NULL COMMENT '1收藏,2取消',
  `time` int(11) NOT NULL,
  `uniacid` int(11) NOT NULL,
  PRIMARY KEY (`id`)
) ENGINE=InnoDB AUTO_INCREMENT=19 DEFAULT CHARSET=utf8 COLLATE=utf8_unicode_ci COMMENT='门店收藏表';


CREATE TABLE IF NOT EXISTS `ims_cjdc_commission_withdrawal` (
  `id` int(11) NOT NULL AUTO_INCREMENT,
  `user_id` int(11) NOT NULL,
  `state` int(11) NOT NULL COMMENT '1.审核中2.通过3.拒绝',
  `time` int(11) NOT NULL COMMENT '申请时间',
  `sh_time` int(11) NOT NULL COMMENT '审核时间',
  `uniacid` int(11) NOT NULL,
  `user_name` varchar(20) NOT NULL,
  `account` varchar(100) NOT NULL,
  `tx_cost` decimal(10,2) NOT NULL COMMENT '提现金额',
  `sj_cost` decimal(10,2) NOT NULL COMMENT '实际到账金额',
  PRIMARY KEY (`id`)
) ENGINE=InnoDB DEFAULT CHARSET=utf8 COMMENT='佣金提现';


CREATE TABLE IF NOT EXISTS `ims_cjdc_continuous` (
  `id` int(11) unsigned NOT NULL AUTO_INCREMENT,
  `day` int(11) NOT NULL COMMENT '天数',
  `integral` int(11) NOT NULL COMMENT '积分',
  `uniacid` int(11) NOT NULL,
  PRIMARY KEY (`id`)
) ENGINE=InnoDB AUTO_INCREMENT=2 DEFAULT CHARSET=utf8 COMMENT='连签奖励';


CREATE TABLE IF NOT EXISTS `ims_cjdc_coupons` (
  `id` int(11) NOT NULL AUTO_INCREMENT,
  `name` varchar(20) NOT NULL COMMENT '优惠券名称',
  `start_time` varchar(20) NOT NULL COMMENT '开始时间',
  `end_time` varchar(20) NOT NULL COMMENT '结束时间',
  `full` decimal(10,1) NOT NULL COMMENT '慢',
  `reduce` decimal(10,1) NOT NULL COMMENT '减',
  `store_id` int(11) NOT NULL,
  `type` int(11) NOT NULL COMMENT '1.外卖2.店内3.通用',
  `uniacid` int(11) NOT NULL,
  `number` int(11) NOT NULL COMMENT '数量',
  `stock` int(11) NOT NULL COMMENT '库存',
  `instruction` text NOT NULL COMMENT '使用说明',
  `type_id` varchar(20) NOT NULL COMMENT '分类id',
  `is_hy` int(1) NOT NULL DEFAULT '2',
  `day` int(11) NOT NULL,
  PRIMARY KEY (`id`)
) ENGINE=InnoDB AUTO_INCREMENT=24 DEFAULT CHARSET=utf8;


CREATE TABLE IF NOT EXISTS `ims_cjdc_couponset` (
  `id` int(11) NOT NULL AUTO_INCREMENT,
  `is_tjhb` int(11) NOT NULL DEFAULT '2' COMMENT '1.开启2.关闭',
  `yhq_set` int(11) NOT NULL DEFAULT '2' COMMENT '1.是2否商家优惠券和平台红包是否可同时使用',
  `time` varchar(10) NOT NULL COMMENT '开始时间',
  `time2` varchar(10) NOT NULL COMMENT '结束时间',
  `number` int(11) NOT NULL,
  `uniacid` int(11) NOT NULL,
  PRIMARY KEY (`id`)
) ENGINE=InnoDB AUTO_INCREMENT=4 DEFAULT CHARSET=utf8;


CREATE TABLE IF NOT EXISTS `ims_cjdc_cptj` (
  `id` int(11) NOT NULL AUTO_INCREMENT,
  `name` varchar(20) NOT NULL,
  `img` varchar(500) NOT NULL,
  `details` text NOT NULL,
  `content` varchar(100) NOT NULL,
  `src` varchar(100) NOT NULL,
  `uniacid` int(11) NOT NULL,
  `num` int(11) NOT NULL,
  PRIMARY KEY (`id`)
) ENGINE=InnoDB DEFAULT CHARSET=utf8;


CREATE TABLE IF NOT EXISTS `ims_cjdc_czhd` (
  `id` int(11) NOT NULL AUTO_INCREMENT,
  `full` int(11) NOT NULL,
  `reduction` int(11) NOT NULL,
  `uniacid` int(11) NOT NULL,
  PRIMARY KEY (`id`)
) ENGINE=InnoDB AUTO_INCREMENT=9 DEFAULT CHARSET=utf8;


CREATE TABLE IF NOT EXISTS `ims_cjdc_czorder` (
  `id` int(11) NOT NULL AUTO_INCREMENT,
  `money` decimal(10,2) NOT NULL,
  `money2` decimal(10,2) NOT NULL,
  `user_id` int(11) NOT NULL,
  `state` int(11) NOT NULL COMMENT '1.待支付2.已支付',
  `code` varchar(100) NOT NULL,
  `form_id` varchar(100) NOT NULL,
  `uniacid` int(11) NOT NULL,
  `time` varchar(20) NOT NULL,
  PRIMARY KEY (`id`)
) ENGINE=InnoDB AUTO_INCREMENT=10 DEFAULT CHARSET=utf8;


CREATE TABLE IF NOT EXISTS `ims_cjdc_distribution` (
  `id` int(11) NOT NULL AUTO_INCREMENT,
  `start` int(11) NOT NULL COMMENT '配送起始值',
  `end` int(11) NOT NULL COMMENT '配送结束值',
  `money` decimal(10,2) NOT NULL COMMENT '价格',
  `num` int(11) NOT NULL COMMENT '排序',
  `store_id` int(11) NOT NULL,
  PRIMARY KEY (`id`),
  KEY `store_id` (`store_id`),
  KEY `store_id_2` (`store_id`),
  KEY `store_id_3` (`store_id`),
  KEY `store_id_4` (`store_id`),
  KEY `store_id_5` (`store_id`),
  KEY `store_id_6` (`store_id`),
  KEY `store_id_7` (`store_id`),
  KEY `store_id_8` (`store_id`),
  KEY `store_id_9` (`store_id`),
  KEY `store_id_10` (`store_id`),
  KEY `store_id_11` (`store_id`),
  KEY `store_id_12` (`store_id`),
  KEY `store_id_13` (`store_id`),
  KEY `store_id_14` (`store_id`)
) ENGINE=InnoDB AUTO_INCREMENT=133 DEFAULT CHARSET=utf8;


CREATE TABLE IF NOT EXISTS `ims_cjdc_drorder` (
  `id` int(11) NOT NULL AUTO_INCREMENT,
  `user_id` int(11) NOT NULL,
  `store_id` int(11) NOT NULL,
  `state` int(11) NOT NULL,
  `time` varchar(20) NOT NULL,
  `uniacid` int(11) NOT NULL,
  `order_id` int(11) NOT NULL,
  PRIMARY KEY (`id`)
) ENGINE=InnoDB AUTO_INCREMENT=50 DEFAULT CHARSET=utf8;


CREATE TABLE IF NOT EXISTS `ims_cjdc_dyj` (
  `id` int(11) NOT NULL AUTO_INCREMENT,
  `store_id` int(11) NOT NULL,
  `tag_id` varchar(30) NOT NULL COMMENT '打印标签id',
  `name` varchar(20) NOT NULL COMMENT '打印机名称',
  `dyj_title` varchar(50) NOT NULL COMMENT '打印机标题',
  `dyj_id` varchar(50) NOT NULL COMMENT '打印机编号',
  `dyj_key` varchar(50) NOT NULL COMMENT '打印机key',
  `api` varchar(100) NOT NULL COMMENT 'API密钥',
  `mid` varchar(100) NOT NULL COMMENT '打印机终端号',
  `state` int(11) NOT NULL COMMENT '1开启2关闭',
  `location` int(11) NOT NULL COMMENT '1..前台 2后厨',
  `yy_id` varchar(20) NOT NULL COMMENT '用户id',
  `token` varchar(50) NOT NULL COMMENT '打印机终端密钥',
  `num` int(11) NOT NULL DEFAULT '1' COMMENT '打印几次',
  `fezh` varchar(40) NOT NULL COMMENT '飞蛾账号',
  `fe_ukey` varchar(50) NOT NULL COMMENT 'ukey',
  `fe_dycode` varchar(20) NOT NULL COMMENT '打印机编号',
  `type` int(11) NOT NULL COMMENT '1.365  2.易联云，3飞蛾',
  `uniacid` varchar(50) NOT NULL,
  `xx_sn` varchar(10) NOT NULL,
  PRIMARY KEY (`id`)
) ENGINE=InnoDB AUTO_INCREMENT=23 DEFAULT CHARSET=utf8;


CREATE TABLE IF NOT EXISTS `ims_cjdc_dytag` (
  `id` int(11) NOT NULL AUTO_INCREMENT,
  `store_id` int(11) NOT NULL COMMENT '门店id',
  `tag_name` varchar(30) NOT NULL COMMENT '标签名称',
  `sort` int(11) NOT NULL COMMENT '排序',
  `time` int(11) NOT NULL,
  `uniacid` int(11) NOT NULL,
  PRIMARY KEY (`id`)
) ENGINE=InnoDB DEFAULT CHARSET=utf8 COMMENT='打印标签表';


CREATE TABLE IF NOT EXISTS `ims_cjdc_earnings` (
  `id` int(11) NOT NULL AUTO_INCREMENT,
  `order_id` int(11) NOT NULL COMMENT '订单ID',
  `user_id` int(11) NOT NULL,
  `son_id` int(11) NOT NULL COMMENT '下线',
  `money` decimal(10,2) NOT NULL,
  `time` int(11) NOT NULL,
  `note` varchar(50) NOT NULL COMMENT '备注',
  `state` int(4) NOT NULL COMMENT '佣金状态,1冻结,2有效,3无效',
  `uniacid` int(11) NOT NULL,
  PRIMARY KEY (`id`)
) ENGINE=InnoDB AUTO_INCREMENT=10 DEFAULT CHARSET=utf8 COMMENT='佣金收益表';


CREATE TABLE IF NOT EXISTS `ims_cjdc_formid` (
  `id` int(11) NOT NULL AUTO_INCREMENT,
  `user_id` int(11) NOT NULL,
  `form_id` varchar(200) NOT NULL,
  `time` int(11) NOT NULL,
  `state` int(11) NOT NULL DEFAULT '1' COMMENT '1.未使用2.已使用',
  `uniacid` int(11) NOT NULL,
  PRIMARY KEY (`id`)
) ENGINE=InnoDB AUTO_INCREMENT=1270 DEFAULT CHARSET=utf8;


CREATE TABLE IF NOT EXISTS `ims_cjdc_fxset` (
  `id` int(11) NOT NULL AUTO_INCREMENT,
  `fx_details` text NOT NULL COMMENT '分销商申请协议',
  `tx_details` text NOT NULL COMMENT '佣金提现协议',
  `is_fx` int(11) NOT NULL COMMENT '1.一级分销,2二级分销',
  `is_ej` int(11) NOT NULL COMMENT '是否开启二级分销1.是2.否',
  `is_type` int(11) NOT NULL COMMENT '1.开启2.关闭(分类佣金)',
  `tx_rate` int(11) NOT NULL COMMENT '提现手续费',
  `dn_yj` varchar(10) NOT NULL COMMENT '店内一级佣金',
  `dn_ej` varchar(10) NOT NULL COMMENT '店内二级佣金',
  `wm_yj` varchar(10) NOT NULL COMMENT '外卖一级',
  `wm_ej` varchar(10) NOT NULL COMMENT '外卖二级',
  `tx_money` int(11) NOT NULL COMMENT '提现门槛',
  `img` varchar(100) NOT NULL,
  `img2` varchar(100) NOT NULL,
  `uniacid` int(11) NOT NULL,
  `is_open` int(11) NOT NULL DEFAULT '1' COMMENT '1.开启2关闭',
  `instructions` text NOT NULL COMMENT '分销商说明',
  `fx_name` varchar(30) NOT NULL DEFAULT '分销中心',
  `type` int(4) NOT NULL DEFAULT '1',
  `is_check` int(4) NOT NULL DEFAULT '1',
  `xx_name` varchar(50) NOT NULL DEFAULT '我的伙伴',
  PRIMARY KEY (`id`)
) ENGINE=InnoDB AUTO_INCREMENT=4 DEFAULT CHARSET=utf8;


CREATE TABLE IF NOT EXISTS `ims_cjdc_fxuser` (
  `id` int(11) NOT NULL AUTO_INCREMENT,
  `user_id` int(11) NOT NULL COMMENT '一级分销',
  `fx_user` int(11) NOT NULL COMMENT '二级分销',
  `time` datetime NOT NULL,
  PRIMARY KEY (`id`)
) ENGINE=InnoDB AUTO_INCREMENT=160 DEFAULT CHARSET=utf8;


CREATE TABLE IF NOT EXISTS `ims_cjdc_goods` (
  `id` int(11) NOT NULL AUTO_INCREMENT,
  `name` varchar(20) NOT NULL COMMENT '商品名称',
  `type_id` int(11) NOT NULL COMMENT '商品分类',
  `label_id` int(11) NOT NULL COMMENT '标签',
  `logo` varchar(200) NOT NULL,
  `money` decimal(10,2) NOT NULL COMMENT '售价',
  `money2` decimal(10,2) NOT NULL COMMENT '原价',
  `vip_money` decimal(10,2) NOT NULL COMMENT '会员价',
  `dn_money` decimal(10,2) NOT NULL,
  `is_show` int(11) NOT NULL DEFAULT '1' COMMENT '是否上架',
  `inventory` int(11) NOT NULL COMMENT '库存',
  `content` varchar(50) NOT NULL COMMENT '简介',
  `details` text NOT NULL COMMENT '详情',
  `sales` int(11) NOT NULL COMMENT '销量',
  `num` int(11) NOT NULL COMMENT '排序',
  `is_gg` int(11) NOT NULL DEFAULT '1',
  `is_hot` int(11) NOT NULL DEFAULT '2' COMMENT '是否热销',
  `is_zp` int(11) NOT NULL DEFAULT '2' COMMENT '是否招牌',
  `store_id` int(11) NOT NULL COMMENT '商家id',
  `uniacid` int(11) NOT NULL COMMENT '小程序id',
  `type` int(11) NOT NULL COMMENT '1.外卖2.店内3.店内+外卖',
  `quantity` int(11) NOT NULL,
  `box_money` decimal(10,2) NOT NULL COMMENT '餐盒费',
  `is_new` int(11) NOT NULL DEFAULT '2',
  `is_tj` int(11) NOT NULL DEFAULT '2',
  `restrict_num` int(11) NOT NULL,
  `start_num` int(11) NOT NULL,
  `dn_hymoney` decimal(10,2) NOT NULL,
  `is_max` int(1) NOT NULL DEFAULT '2',
  PRIMARY KEY (`id`),
  KEY `store_id` (`store_id`),
  KEY `type_id` (`type_id`),
  KEY `store_id_2` (`store_id`),
  KEY `type_id_2` (`type_id`),
  KEY `store_id_3` (`store_id`),
  KEY `type_id_3` (`type_id`),
  KEY `store_id_4` (`store_id`),
  KEY `type_id_4` (`type_id`),
  KEY `store_id_5` (`store_id`),
  KEY `type_id_5` (`type_id`),
  KEY `store_id_6` (`store_id`),
  KEY `type_id_6` (`type_id`),
  KEY `store_id_7` (`store_id`),
  KEY `type_id_7` (`type_id`),
  KEY `store_id_8` (`store_id`),
  KEY `type_id_8` (`type_id`),
  KEY `store_id_9` (`store_id`),
  KEY `type_id_9` (`type_id`),
  KEY `store_id_10` (`store_id`),
  KEY `type_id_10` (`type_id`),
  KEY `store_id_11` (`store_id`),
  KEY `type_id_11` (`type_id`),
  KEY `store_id_12` (`store_id`),
  KEY `type_id_12` (`type_id`),
  KEY `store_id_13` (`store_id`),
  KEY `type_id_13` (`type_id`),
  KEY `store_id_14` (`store_id`),
  KEY `type_id_14` (`type_id`)
) ENGINE=InnoDB AUTO_INCREMENT=4299 DEFAULT CHARSET=utf8;


CREATE TABLE IF NOT EXISTS `ims_cjdc_group` (
  `id` int(11) unsigned NOT NULL AUTO_INCREMENT,
  `store_id` int(11) NOT NULL COMMENT '门店id',
  `goods_id` int(11) NOT NULL COMMENT '商品ID',
  `goods_logo` varchar(255) NOT NULL,
  `goods_name` varchar(255) NOT NULL COMMENT '商品名称',
  `kt_num` int(11) NOT NULL COMMENT '开团人数',
  `yg_num` int(11) NOT NULL COMMENT '已购数量',
  `kt_time` int(11) NOT NULL COMMENT '开团时间',
  `dq_time` int(11) NOT NULL COMMENT '到期时间',
  `state` int(4) NOT NULL COMMENT '1.拼团中2成功,3失败',
  `user_id` int(11) NOT NULL COMMENT '团长user_id',
  `uniacid` int(11) NOT NULL,
  PRIMARY KEY (`id`)
) ENGINE=InnoDB AUTO_INCREMENT=10 DEFAULT CHARSET=utf8;


CREATE TABLE IF NOT EXISTS `ims_cjdc_groupgoods` (
  `id` int(11) unsigned NOT NULL AUTO_INCREMENT,
  `store_id` int(11) NOT NULL COMMENT '门店id',
  `type_id` int(11) NOT NULL COMMENT '分类ID',
  `name` varchar(255) NOT NULL COMMENT '名称',
  `logo` varchar(255) NOT NULL COMMENT 'logo',
  `img` text NOT NULL COMMENT '多图',
  `inventory` int(11) NOT NULL COMMENT '库存',
  `pt_price` decimal(10,2) NOT NULL COMMENT '拼团价格',
  `y_price` decimal(10,2) NOT NULL COMMENT '原价',
  `dd_price` decimal(10,2) NOT NULL COMMENT '单独购买价格',
  `ycd_num` int(11) NOT NULL COMMENT '已成团数量',
  `ysc_num` int(11) NOT NULL COMMENT '已售出数量',
  `people` int(11) NOT NULL COMMENT '成团人数',
  `start_time` int(11) NOT NULL COMMENT '开始时间',
  `end_time` int(11) NOT NULL COMMENT '结束时间',
  `xf_time` int(11) NOT NULL COMMENT '消费截止时间',
  `is_shelves` int(4) NOT NULL DEFAULT '1' COMMENT '1上架,2下架',
  `details` text NOT NULL COMMENT '商品详情',
  `num` int(11) NOT NULL COMMENT '排序',
  `display` int(4) NOT NULL DEFAULT '1' COMMENT '1显示,2隐藏',
  `uniacid` int(11) NOT NULL,
  `introduction` text NOT NULL,
  `time` int(11) NOT NULL DEFAULT '1532425107',
  PRIMARY KEY (`id`)
) ENGINE=InnoDB AUTO_INCREMENT=14 DEFAULT CHARSET=utf8;


CREATE TABLE IF NOT EXISTS `ims_cjdc_grouphx` (
  `id` int(11) unsigned NOT NULL AUTO_INCREMENT,
  `store_id` int(11) NOT NULL COMMENT '门店id',
  `hx_id` int(11) NOT NULL COMMENT '核销人id',
  `time` int(11) NOT NULL COMMENT '时间',
  `uniacid` int(11) NOT NULL,
  PRIMARY KEY (`id`)
) ENGINE=InnoDB DEFAULT CHARSET=utf8 COMMENT='核销表';


CREATE TABLE IF NOT EXISTS `ims_cjdc_grouporder` (
  `id` int(11) unsigned NOT NULL AUTO_INCREMENT,
  `group_id` int(11) NOT NULL COMMENT '团id',
  `store_id` int(11) NOT NULL COMMENT '门店id',
  `goods_id` int(11) NOT NULL COMMENT '商品ID',
  `user_id` int(11) NOT NULL COMMENT '用户ID',
  `order_num` varchar(30) NOT NULL COMMENT '订单号',
  `logo` varchar(255) NOT NULL COMMENT '商品图片',
  `goods_name` varchar(255) NOT NULL COMMENT '商品名称',
  `goods_type` varchar(50) NOT NULL COMMENT '商品类型',
  `price` decimal(10,2) NOT NULL COMMENT '单价',
  `goods_num` int(11) NOT NULL COMMENT '商品数量',
  `money` decimal(10,2) NOT NULL COMMENT '订单金额',
  `pay_type` int(4) NOT NULL COMMENT '付款方式1微信，2余额',
  `receive_name` varchar(30) NOT NULL COMMENT '收货人',
  `receive_tel` varchar(20) NOT NULL COMMENT '收货人电话',
  `receive_address` varchar(100) NOT NULL COMMENT '收货人地址',
  `note` varchar(100) NOT NULL COMMENT '备注',
  `state` int(4) NOT NULL COMMENT '1未付款,2已付款,3已完成,4已关闭,5已失效',
  `xf_time` int(11) NOT NULL COMMENT '消费截止时间',
  `time` int(11) NOT NULL COMMENT '下单时间',
  `pay_time` int(11) NOT NULL COMMENT '付款时间',
  `cz_time` int(11) NOT NULL COMMENT '完成/关闭/失效时间',
  `code` varchar(30) NOT NULL COMMENT '支付商户号',
  `uniacid` int(11) NOT NULL,
  PRIMARY KEY (`id`)
) ENGINE=InnoDB AUTO_INCREMENT=24 DEFAULT CHARSET=utf8;


CREATE TABLE IF NOT EXISTS `ims_cjdc_grouptype` (
  `id` int(11) unsigned NOT NULL AUTO_INCREMENT,
  `name` varchar(20) NOT NULL,
  `img` varchar(100) NOT NULL,
  `num` int(11) NOT NULL,
  `uniacid` int(11) NOT NULL,
  PRIMARY KEY (`id`)
) ENGINE=InnoDB AUTO_INCREMENT=16 DEFAULT CHARSET=utf8 COMMENT='拼团分类';


CREATE TABLE IF NOT EXISTS `ims_cjdc_help` (
  `id` int(11) NOT NULL AUTO_INCREMENT,
  `question` varchar(200) NOT NULL COMMENT '标题',
  `answer` text NOT NULL COMMENT '回答',
  `sort` int(4) NOT NULL COMMENT '排序',
  `uniacid` varchar(50) NOT NULL,
  `created_time` datetime NOT NULL,
  PRIMARY KEY (`id`)
) ENGINE=InnoDB AUTO_INCREMENT=2 DEFAULT CHARSET=utf8;


CREATE TABLE IF NOT EXISTS `ims_cjdc_hyorder` (
  `id` int(11) NOT NULL AUTO_INCREMENT,
  `user_id` int(11) NOT NULL,
  `money` decimal(10,2) NOT NULL,
  `day` int(11) NOT NULL COMMENT '开通号数',
  `month` int(11) NOT NULL COMMENT '开通期限',
  `time` varchar(20) NOT NULL COMMENT '开通时间',
  `pay_type` int(11) NOT NULL COMMENT '1.微信2.余额',
  `state` int(11) NOT NULL COMMENT '1.待支付2.已支付',
  `code` varchar(100) NOT NULL,
  `user_name` varchar(20) NOT NULL,
  `user_tel` varchar(20) NOT NULL,
  PRIMARY KEY (`id`)
) ENGINE=InnoDB AUTO_INCREMENT=4 DEFAULT CHARSET=utf8;


CREATE TABLE IF NOT EXISTS `ims_cjdc_hyqx` (
  `id` int(11) NOT NULL AUTO_INCREMENT,
  `days` int(11) NOT NULL,
  `money` decimal(10,2) NOT NULL,
  `num` int(11) NOT NULL,
  `uniacid` int(11) NOT NULL,
  PRIMARY KEY (`id`)
) ENGINE=InnoDB AUTO_INCREMENT=7 DEFAULT CHARSET=utf8;


CREATE TABLE IF NOT EXISTS `ims_cjdc_integral` (
  `id` int(11) NOT NULL AUTO_INCREMENT,
  `user_id` int(11) NOT NULL COMMENT '用户id',
  `score` int(11) NOT NULL COMMENT '分数',
  `type` int(4) NOT NULL COMMENT '1加,2减',
  `order_id` int(11) NOT NULL COMMENT '订单id',
  `cerated_time` datetime NOT NULL COMMENT '创建时间',
  `uniacid` varchar(50) NOT NULL,
  `note` varchar(20) NOT NULL COMMENT '备注',
  PRIMARY KEY (`id`)
) ENGINE=InnoDB AUTO_INCREMENT=55 DEFAULT CHARSET=utf8 COMMENT='入驻记录';


CREATE TABLE IF NOT EXISTS `ims_cjdc_jfgoods` (
  `id` int(11) NOT NULL AUTO_INCREMENT,
  `name` varchar(50) NOT NULL COMMENT '名称',
  `img` varchar(100) NOT NULL,
  `money` int(11) NOT NULL COMMENT '价格',
  `type_id` int(11) NOT NULL COMMENT '分类id',
  `goods_details` text NOT NULL,
  `process_details` text NOT NULL,
  `attention_details` text NOT NULL,
  `number` int(11) NOT NULL COMMENT '数量',
  `time` varchar(50) NOT NULL COMMENT '期限',
  `is_open` int(11) NOT NULL COMMENT '1.开启2关闭',
  `type` int(11) NOT NULL COMMENT '1.余额2.实物',
  `num` int(11) NOT NULL COMMENT '排序',
  `uniacid` int(11) NOT NULL,
  `hb_moeny` decimal(10,2) NOT NULL,
  PRIMARY KEY (`id`)
) ENGINE=InnoDB AUTO_INCREMENT=4 DEFAULT CHARSET=utf8 COMMENT='入驻记录';


CREATE TABLE IF NOT EXISTS `ims_cjdc_jfrecord` (
  `id` int(11) NOT NULL AUTO_INCREMENT,
  `user_id` int(11) NOT NULL COMMENT '用户id',
  `good_id` int(11) NOT NULL COMMENT '商品id',
  `time` varchar(20) NOT NULL COMMENT '兑换时间',
  `user_name` varchar(20) NOT NULL COMMENT '用户地址',
  `user_tel` varchar(20) NOT NULL COMMENT '用户电话',
  `address` varchar(200) NOT NULL COMMENT '地址',
  `note` varchar(20) NOT NULL,
  `integral` int(11) NOT NULL COMMENT '积分',
  `good_name` varchar(50) NOT NULL COMMENT '商品名称',
  `good_img` varchar(100) NOT NULL,
  `state` int(11) NOT NULL DEFAULT '2' COMMENT '1.未处理 2.已处理',
  PRIMARY KEY (`id`)
) ENGINE=InnoDB DEFAULT CHARSET=utf8 COMMENT='入驻记录';


CREATE TABLE IF NOT EXISTS `ims_cjdc_jftype` (
  `id` int(11) NOT NULL AUTO_INCREMENT,
  `name` varchar(20) NOT NULL,
  `img` varchar(100) NOT NULL,
  `num` int(11) NOT NULL,
  `uniacid` int(11) NOT NULL,
  PRIMARY KEY (`id`)
) ENGINE=InnoDB DEFAULT CHARSET=utf8 COMMENT='入驻记录';


CREATE TABLE IF NOT EXISTS `ims_cjdc_kfwset` (
  `id` int(11) NOT NULL AUTO_INCREMENT,
  `store_id` int(11) NOT NULL COMMENT '门店ID',
  `user_id` int(11) NOT NULL COMMENT '商户id',
  `access_token` varchar(50) NOT NULL COMMENT '用户授权token',
  `openid` varchar(20) NOT NULL COMMENT '新商户ID',
  `uniacid` int(11) NOT NULL,
  PRIMARY KEY (`id`)
) ENGINE=InnoDB DEFAULT CHARSET=utf8 COMMENT='快服务设置表';


CREATE TABLE IF NOT EXISTS `ims_cjdc_llz` (
  `id` int(11) unsigned NOT NULL AUTO_INCREMENT,
  `name` varchar(20) NOT NULL,
  `type` int(11) NOT NULL,
  `status` int(11) NOT NULL,
  `src` varchar(100) NOT NULL,
  `cityname` varchar(20) NOT NULL,
  `uniacid` int(11) NOT NULL,
  PRIMARY KEY (`id`)
) ENGINE=InnoDB DEFAULT CHARSET=utf8 COMMENT='拼团分类';


CREATE TABLE IF NOT EXISTS `ims_cjdc_message` (
  `id` int(11) NOT NULL AUTO_INCREMENT,
  `username` varchar(20) NOT NULL COMMENT '邮箱用户名',
  `password` varchar(50) NOT NULL COMMENT '邮箱密码',
  `type` varchar(10) NOT NULL COMMENT '发件人名称',
  `sender` varchar(20) NOT NULL COMMENT '发件人名称',
  `signature` varchar(100) NOT NULL COMMENT '邮箱签名',
  `is_email` int(11) NOT NULL COMMENT '1.开启2.关闭',
  `xd_tid` varchar(60) NOT NULL COMMENT '下单通知',
  `jd_tid` varchar(60) NOT NULL COMMENT '接单通知',
  `yy_tid` varchar(60) NOT NULL COMMENT '预约通知',
  `dm_tid` varchar(60) NOT NULL COMMENT '当面通知',
  `sj_tid` varchar(60) NOT NULL COMMENT '公众号商家新订单通知',
  `sj_tid2` varchar(60) NOT NULL COMMENT '公众号商家预约通知',
  `wx_appid` varchar(60) NOT NULL COMMENT '通知公众号appid',
  `wx_secret` varchar(60) NOT NULL COMMENT '通知公众号AppSecret',
  `is_dxyz` int(4) NOT NULL DEFAULT '2' COMMENT '是否开启短信1是,2否',
  `appkey` varchar(50) NOT NULL COMMENT '应用key',
  `tpl_id` varchar(20) NOT NULL COMMENT '短信模板id',
  `uniacid` int(11) NOT NULL COMMENT '小程序id ',
  `jj_tid` varchar(200) NOT NULL,
  `tk_tid` varchar(200) NOT NULL,
  `rzsh_tid` varchar(60) NOT NULL,
  `rzcg_tid` varchar(60) NOT NULL,
  `rzjj_tid` varchar(60) NOT NULL,
  `cz_tid` varchar(100) NOT NULL,
  `xdd_tid` varchar(200) NOT NULL,
  `xdd_tid2` varchar(200) NOT NULL,
  `qf_tid` varchar(200) NOT NULL,
  `item` int(4) NOT NULL DEFAULT '1',
  `appid` varchar(20) NOT NULL,
  `tx_appkey` varchar(50) NOT NULL,
  `template_id` varchar(10) NOT NULL,
  `sign` varchar(200) NOT NULL,
  `code` varchar(10) NOT NULL DEFAULT '86',
  `qh_tid` varchar(100) NOT NULL,
  `sjyy_tid` varchar(60) NOT NULL,
  `shtk_tid` varchar(50) NOT NULL,
  `aliyun_appkey` varchar(20) NOT NULL,
  `aliyun_appsecret` varchar(50) NOT NULL,
  `aliyun_sign` varchar(20) NOT NULL,
  `aliyun_id` varchar(20) NOT NULL,
  `group_tid` varchar(50) NOT NULL,
  `rush_tid` varchar(50) NOT NULL,
  `wechat_appId` varchar(50) NOT NULL,
  `wechat_appsecret` varchar(100) NOT NULL,
  `wechat_wm_tid` varchar(100) NOT NULL,
  PRIMARY KEY (`id`)
) ENGINE=InnoDB AUTO_INCREMENT=4 DEFAULT CHARSET=utf8 COMMENT='通知表';


CREATE TABLE IF NOT EXISTS `ims_cjdc_message2` (
  `id` int(11) unsigned NOT NULL AUTO_INCREMENT,
  `note` varchar(100) NOT NULL,
  `source` varchar(100) NOT NULL,
  `content` varchar(100) NOT NULL,
  `time` varchar(100) NOT NULL,
  `fs_time` varchar(20) NOT NULL,
  `uniacid` int(11) NOT NULL,
  `src` varchar(100) NOT NULL,
  PRIMARY KEY (`id`)
) ENGINE=InnoDB DEFAULT CHARSET=utf8;


CREATE TABLE IF NOT EXISTS `ims_cjdc_nav` (
  `id` int(11) NOT NULL AUTO_INCREMENT,
  `title` varchar(20) NOT NULL COMMENT '标题',
  `title_color` varchar(20) NOT NULL COMMENT '标题选中颜色',
  `title_color2` varchar(20) NOT NULL COMMENT '标题未选中颜色',
  `logo` varchar(200) NOT NULL COMMENT '选中图片',
  `logo2` varchar(200) NOT NULL COMMENT '未选中图片',
  `url` varchar(200) NOT NULL COMMENT '跳转链接',
  `num` int(11) NOT NULL COMMENT '排序',
  `state` int(11) NOT NULL DEFAULT '1' COMMENT '1开启2关闭',
  `uniacid` int(11) NOT NULL,
  `xcx_name` varchar(50) NOT NULL,
  `appid` varchar(30) NOT NULL,
  `item` int(4) NOT NULL DEFAULT '1',
  `src2` varchar(255) NOT NULL,
  PRIMARY KEY (`id`)
) ENGINE=InnoDB AUTO_INCREMENT=6 DEFAULT CHARSET=utf8;


CREATE TABLE IF NOT EXISTS `ims_cjdc_number` (
  `id` int(11) unsigned NOT NULL AUTO_INCREMENT,
  `user_id` int(11) NOT NULL COMMENT '用户ID',
  `store_id` int(11) NOT NULL COMMENT '商家ID',
  `code` varchar(10) NOT NULL COMMENT '编号',
  `num` varchar(30) NOT NULL COMMENT '餐桌名称',
  `people` int(4) NOT NULL COMMENT '就餐人数',
  `state` int(4) NOT NULL COMMENT '1排队,2用餐,3作废',
  `time` datetime NOT NULL COMMENT '时间',
  `uniacid` int(11) NOT NULL,
  PRIMARY KEY (`id`)
) ENGINE=InnoDB DEFAULT CHARSET=utf8 COMMENT='排队取号';


CREATE TABLE IF NOT EXISTS `ims_cjdc_numbertype` (
  `id` int(11) unsigned NOT NULL AUTO_INCREMENT,
  `store_id` int(11) NOT NULL,
  `typename` varchar(30) NOT NULL COMMENT '分类名称',
  `sort` int(4) NOT NULL COMMENT '排序',
  `time` int(11) NOT NULL,
  `uniacid` int(11) NOT NULL,
  PRIMARY KEY (`id`)
) ENGINE=InnoDB AUTO_INCREMENT=3 DEFAULT CHARSET=utf8 COMMENT='排队分类';


CREATE TABLE IF NOT EXISTS `ims_cjdc_order` (
  `id` int(11) NOT NULL AUTO_INCREMENT,
  `user_id` int(11) NOT NULL COMMENT '用户id',
  `order_num` varchar(20) NOT NULL COMMENT '订单号',
  `state` int(11) NOT NULL COMMENT '1.待付款2.待结单3.等待送达4.完成5.已评价6.取消7.拒绝8.退款中9.已退款10.退款拒绝',
  `time` varchar(20) NOT NULL COMMENT '下单时间',
  `pay_time` varchar(20) NOT NULL COMMENT '支付时间',
  `jd_time` varchar(20) NOT NULL COMMENT '接单时间',
  `cancel_time` varchar(20) NOT NULL COMMENT '取消时间',
  `complete_time` varchar(20) NOT NULL COMMENT '完成时间',
  `money` decimal(10,2) NOT NULL COMMENT '付款金额',
  `box_money` decimal(10,2) NOT NULL COMMENT '餐盒费',
  `ps_money` decimal(10,2) NOT NULL COMMENT '配送费',
  `mj_money` decimal(10,2) NOT NULL COMMENT '满减优惠',
  `xyh_money` decimal(10,2) NOT NULL COMMENT '新用户立减',
  `tel` varchar(20) NOT NULL COMMENT '电话',
  `name` varchar(20) NOT NULL COMMENT '姓名',
  `address` varchar(200) NOT NULL COMMENT '地址',
  `type` int(11) NOT NULL COMMENT '1.外卖2.店内3.预定4.当面付',
  `store_id` int(11) NOT NULL COMMENT '商家id',
  `note` varchar(50) NOT NULL COMMENT '备注',
  `jj_note` varchar(50) NOT NULL COMMENT '拒绝理由',
  `area` varchar(20) NOT NULL COMMENT '区域',
  `lat` varchar(20) NOT NULL COMMENT '经度',
  `lng` varchar(20) NOT NULL COMMENT '纬度',
  `del` int(11) NOT NULL DEFAULT '2' COMMENT '1.删除  2.未删除',
  `pay_type` int(11) NOT NULL COMMENT '1.微信支付2.余额支付3.积分支付4.货到付款',
  `form_id` varchar(50) NOT NULL COMMENT '模板消息form_id',
  `form_id2` varchar(50) NOT NULL COMMENT '发货formid',
  `code` varchar(100) NOT NULL COMMENT '支付code',
  `order_type` int(11) NOT NULL COMMENT '1.配送2.到店自取',
  `delivery_time` varchar(20) NOT NULL COMMENT '送达时间',
  `sex` int(11) NOT NULL,
  `discount` decimal(10,2) NOT NULL,
  `tableware` int(11) NOT NULL COMMENT '餐具',
  `dd_info` text NOT NULL COMMENT '达达信息',
  `uniacid` int(11) NOT NULL,
  `yhq_money` decimal(10,2) NOT NULL,
  `coupon_id` int(11) NOT NULL,
  `yhq_money2` decimal(10,2) NOT NULL,
  `coupon_id2` int(11) NOT NULL,
  `table_id` int(11) NOT NULL,
  `dn_state` int(11) NOT NULL,
  `dm_state` int(4) NOT NULL,
  `yy_state` int(11) NOT NULL,
  `deposit` decimal(10,2) NOT NULL,
  `ship_id` varchar(30) NOT NULL,
  `zk_money` decimal(10,2) NOT NULL,
  `is_dd` int(11) NOT NULL DEFAULT '2',
  `pt_info` text NOT NULL,
  `kfw_info` text NOT NULL,
  `hb_type` int(4) NOT NULL DEFAULT '1',
  `original_money` decimal(10,2) NOT NULL,
  `oid` int(11) NOT NULL,
  `sss_peisong_id` varchar(32) NOT NULL,
  PRIMARY KEY (`id`),
  KEY `user_id` (`user_id`),
  KEY `store_id` (`store_id`),
  KEY `state` (`state`),
  KEY `order_type` (`order_type`),
  KEY `uniacid` (`uniacid`),
  KEY `user_id_2` (`user_id`),
  KEY `store_id_2` (`store_id`),
  KEY `state_2` (`state`),
  KEY `order_type_2` (`order_type`),
  KEY `uniacid_2` (`uniacid`),
  KEY `user_id_3` (`user_id`),
  KEY `store_id_3` (`store_id`),
  KEY `state_3` (`state`),
  KEY `order_type_3` (`order_type`),
  KEY `uniacid_3` (`uniacid`),
  KEY `user_id_4` (`user_id`),
  KEY `store_id_4` (`store_id`),
  KEY `state_4` (`state`),
  KEY `order_type_4` (`order_type`),
  KEY `uniacid_4` (`uniacid`),
  KEY `user_id_5` (`user_id`),
  KEY `store_id_5` (`store_id`),
  KEY `state_5` (`state`),
  KEY `order_type_5` (`order_type`),
  KEY `uniacid_5` (`uniacid`),
  KEY `user_id_6` (`user_id`),
  KEY `store_id_6` (`store_id`),
  KEY `state_6` (`state`),
  KEY `order_type_6` (`order_type`),
  KEY `uniacid_6` (`uniacid`),
  KEY `user_id_7` (`user_id`),
  KEY `store_id_7` (`store_id`),
  KEY `state_7` (`state`),
  KEY `order_type_7` (`order_type`),
  KEY `uniacid_7` (`uniacid`),
  KEY `user_id_8` (`user_id`),
  KEY `store_id_8` (`store_id`),
  KEY `state_8` (`state`),
  KEY `order_type_8` (`order_type`),
  KEY `uniacid_8` (`uniacid`),
  KEY `user_id_9` (`user_id`),
  KEY `store_id_9` (`store_id`),
  KEY `state_9` (`state`),
  KEY `order_type_9` (`order_type`),
  KEY `uniacid_9` (`uniacid`),
  KEY `user_id_10` (`user_id`),
  KEY `store_id_10` (`store_id`),
  KEY `state_10` (`state`),
  KEY `order_type_10` (`order_type`),
  KEY `uniacid_10` (`uniacid`),
  KEY `user_id_11` (`user_id`),
  KEY `store_id_11` (`store_id`),
  KEY `state_11` (`state`),
  KEY `order_type_11` (`order_type`),
  KEY `uniacid_11` (`uniacid`),
  KEY `user_id_12` (`user_id`),
  KEY `store_id_12` (`store_id`),
  KEY `state_12` (`state`),
  KEY `order_type_12` (`order_type`),
  KEY `uniacid_12` (`uniacid`),
  KEY `user_id_13` (`user_id`),
  KEY `store_id_13` (`store_id`),
  KEY `state_13` (`state`)
) ENGINE=InnoDB AUTO_INCREMENT=201 DEFAULT CHARSET=utf8;


CREATE TABLE IF NOT EXISTS `ims_cjdc_order_goods` (
  `id` int(11) NOT NULL AUTO_INCREMENT,
  `img` varchar(200) NOT NULL,
  `number` int(11) NOT NULL COMMENT '数量',
  `order_id` int(11) NOT NULL COMMENT '订单id',
  `name` varchar(20) NOT NULL COMMENT '商品名称',
  `money` decimal(10,2) NOT NULL COMMENT '商品金额',
  `dishes_id` int(11) NOT NULL COMMENT '菜品id',
  `spec` varchar(50) NOT NULL COMMENT '规格',
  `uniacid` int(11) NOT NULL,
  `is_jc` int(11) NOT NULL DEFAULT '2',
  `is_qg` int(4) NOT NULL DEFAULT '2',
  PRIMARY KEY (`id`),
  KEY `order_id` (`order_id`),
  KEY `order_id_2` (`order_id`),
  KEY `order_id_3` (`order_id`),
  KEY `order_id_4` (`order_id`),
  KEY `order_id_5` (`order_id`),
  KEY `order_id_6` (`order_id`),
  KEY `order_id_7` (`order_id`),
  KEY `order_id_8` (`order_id`),
  KEY `order_id_9` (`order_id`),
  KEY `order_id_10` (`order_id`),
  KEY `order_id_11` (`order_id`),
  KEY `order_id_12` (`order_id`),
  KEY `order_id_13` (`order_id`),
  KEY `order_id_14` (`order_id`)
) ENGINE=InnoDB AUTO_INCREMENT=152 DEFAULT CHARSET=utf8;


CREATE TABLE IF NOT EXISTS `ims_cjdc_pay` (
  `id` int(11) NOT NULL AUTO_INCREMENT,
  `mchid` varchar(20) NOT NULL COMMENT '商户号',
  `wxkey` varchar(100) NOT NULL COMMENT '支付秘钥',
  `apiclient_cert` text NOT NULL COMMENT '支付证书',
  `apiclient_key` text NOT NULL COMMENT '支付证书',
  `ip` varchar(20) NOT NULL COMMENT 'ip地址',
  `jf_proportion` int(11) NOT NULL DEFAULT '10' COMMENT '积分支付比例',
  `integral` int(11) NOT NULL COMMENT '评价的积分',
  `integral2` int(11) NOT NULL COMMENT '消费得积分',
  `uniacid` int(11) NOT NULL,
  PRIMARY KEY (`id`)
) ENGINE=InnoDB AUTO_INCREMENT=10 DEFAULT CHARSET=utf8;


CREATE TABLE IF NOT EXISTS `ims_cjdc_psset` (
  `id` int(11) NOT NULL AUTO_INCREMENT,
  `source_id` int(11) NOT NULL COMMENT '商家',
  `shop_no` varchar(20) NOT NULL COMMENT '门店编号',
  `store_id` int(11) NOT NULL COMMENT '门店id',
  `uniacid` int(11) NOT NULL,
  PRIMARY KEY (`id`)
) ENGINE=InnoDB AUTO_INCREMENT=19 DEFAULT CHARSET=utf8;


CREATE TABLE IF NOT EXISTS `ims_cjdc_qbmx` (
  `id` int(11) NOT NULL AUTO_INCREMENT,
  `money` decimal(10,2) NOT NULL,
  `type` int(11) NOT NULL COMMENT '1.加2减',
  `note` varchar(20) NOT NULL COMMENT '备注',
  `time` varchar(20) NOT NULL,
  `user_id` int(11) NOT NULL,
  `order_id` int(11) NOT NULL,
  PRIMARY KEY (`id`)
) ENGINE=InnoDB AUTO_INCREMENT=2 DEFAULT CHARSET=utf8;


CREATE TABLE IF NOT EXISTS `ims_cjdc_qggoods` (
  `id` int(11) unsigned NOT NULL AUTO_INCREMENT,
  `name` varchar(20) NOT NULL,
  `logo` varchar(200) NOT NULL,
  `price` decimal(10,2) NOT NULL COMMENT '原价',
  `money` decimal(10,2) NOT NULL COMMENT '现价',
  `number` int(11) NOT NULL COMMENT '数量',
  `surplus` int(11) NOT NULL COMMENT '剩余',
  `content` varchar(100) NOT NULL,
  `start_time` varchar(20) NOT NULL COMMENT '开始时间',
  `end_time` varchar(20) NOT NULL COMMENT '结束时间',
  `consumption_time` int(11) NOT NULL COMMENT '消费截止时间',
  `details` text NOT NULL,
  `store_id` int(11) NOT NULL,
  `uniacid` int(11) NOT NULL,
  `state` int(11) NOT NULL DEFAULT '1' COMMENT '1.上架2.下架',
  `type_id` int(11) NOT NULL,
  `img` text NOT NULL,
  `num` int(11) NOT NULL,
  `hot` int(11) NOT NULL,
  `state2` int(4) NOT NULL DEFAULT '1',
  `time` varchar(20) NOT NULL,
  `qg_num` int(4) NOT NULL DEFAULT '1',
  `type` int(4) NOT NULL DEFAULT '1',
  PRIMARY KEY (`id`)
) ENGINE=InnoDB AUTO_INCREMENT=9 DEFAULT CHARSET=utf8;


CREATE TABLE IF NOT EXISTS `ims_cjdc_qgorder` (
  `id` int(11) unsigned NOT NULL AUTO_INCREMENT,
  `order_num` varchar(50) NOT NULL,
  `user_id` int(11) NOT NULL,
  `user_name` varchar(20) NOT NULL,
  `user_tel` varchar(20) NOT NULL,
  `store_id` int(11) NOT NULL,
  `money` decimal(10,2) NOT NULL,
  `good_id` int(11) NOT NULL,
  `pay_type` int(11) NOT NULL COMMENT '1.微信支付2.余额支付',
  `state` int(11) NOT NULL COMMENT '1.待支付2已支付3.已核销',
  `dq_time` varchar(20) NOT NULL COMMENT '到期时间',
  `uniacid` int(11) NOT NULL,
  `code` varchar(100) NOT NULL,
  `good_name` varchar(20) NOT NULL,
  `good_logo` varchar(200) NOT NULL,
  `pay_time` varchar(20) NOT NULL,
  `hx_time` varchar(20) NOT NULL,
  `del` int(11) NOT NULL DEFAULT '2' COMMENT '1删除2.未删除',
  `note` varchar(50) NOT NULL,
  PRIMARY KEY (`id`)
) ENGINE=InnoDB AUTO_INCREMENT=5 DEFAULT CHARSET=utf8;


CREATE TABLE IF NOT EXISTS `ims_cjdc_qgtype` (
  `id` int(11) unsigned NOT NULL AUTO_INCREMENT,
  `name` varchar(20) NOT NULL,
  `num` int(11) NOT NULL,
  `state` int(11) NOT NULL DEFAULT '1',
  `uniacid` int(11) NOT NULL,
  PRIMARY KEY (`id`)
) ENGINE=InnoDB AUTO_INCREMENT=10 DEFAULT CHARSET=utf8;


CREATE TABLE IF NOT EXISTS `ims_cjdc_reduction` (
  `id` int(11) NOT NULL AUTO_INCREMENT,
  `name` varchar(50) NOT NULL COMMENT '活动名称',
  `full` int(11) NOT NULL COMMENT '满',
  `reduction` int(11) NOT NULL COMMENT '减',
  `type` int(11) NOT NULL COMMENT '1.外卖 2.店内 3.外卖+店内',
  `store_id` int(11) NOT NULL COMMENT '商家id',
  PRIMARY KEY (`id`),
  KEY `store_id` (`store_id`),
  KEY `store_id_2` (`store_id`),
  KEY `store_id_3` (`store_id`),
  KEY `store_id_4` (`store_id`),
  KEY `store_id_5` (`store_id`),
  KEY `store_id_6` (`store_id`),
  KEY `store_id_7` (`store_id`),
  KEY `store_id_8` (`store_id`),
  KEY `store_id_9` (`store_id`),
  KEY `store_id_10` (`store_id`),
  KEY `store_id_11` (`store_id`),
  KEY `store_id_12` (`store_id`),
  KEY `store_id_13` (`store_id`),
  KEY `store_id_14` (`store_id`)
) ENGINE=InnoDB AUTO_INCREMENT=5 DEFAULT CHARSET=utf8 COMMENT='满减活动';


CREATE TABLE IF NOT EXISTS `ims_cjdc_reservation` (
  `id` int(11) unsigned NOT NULL AUTO_INCREMENT,
  `store_id` int(10) unsigned NOT NULL DEFAULT '0' COMMENT '门店',
  `time` varchar(200) NOT NULL DEFAULT '' COMMENT '预定时间',
  `label` varchar(50) NOT NULL DEFAULT '' COMMENT '标签',
  `num` int(11) unsigned NOT NULL DEFAULT '0' COMMENT '排序',
  `dateline` int(10) unsigned NOT NULL DEFAULT '0',
  `uniacid` int(10) unsigned NOT NULL DEFAULT '0' COMMENT '所属帐号',
  PRIMARY KEY (`id`)
) ENGINE=MyISAM AUTO_INCREMENT=100 DEFAULT CHARSET=utf8;


CREATE TABLE IF NOT EXISTS `ims_cjdc_retail` (
  `id` int(11) NOT NULL AUTO_INCREMENT,
  `user_id` int(11) NOT NULL,
  `time` int(11) NOT NULL,
  `user_name` varchar(20) NOT NULL,
  `user_tel` varchar(20) NOT NULL,
  `state` int(11) NOT NULL COMMENT '1.审核中2.通过3.拒绝',
  `uniacid` int(11) NOT NULL,
  `sh_time` int(11) NOT NULL COMMENT '审核时间',
  PRIMARY KEY (`id`)
) ENGINE=InnoDB AUTO_INCREMENT=5 DEFAULT CHARSET=utf8 COMMENT='分销申请';


CREATE TABLE IF NOT EXISTS `ims_cjdc_rzlog` (
  `id` int(11) NOT NULL AUTO_INCREMENT,
  `store_id` int(11) NOT NULL COMMENT '门店ID',
  `money` decimal(10,2) NOT NULL COMMENT '钱',
  `time` int(11) NOT NULL,
  `uniacid` int(11) NOT NULL,
  `note` varchar(30) NOT NULL COMMENT '入驻',
  PRIMARY KEY (`id`)
) ENGINE=InnoDB DEFAULT CHARSET=utf8 COMMENT='入驻记录';


CREATE TABLE IF NOT EXISTS `ims_cjdc_rzqx` (
  `id` int(11) NOT NULL AUTO_INCREMENT,
  `days` int(11) NOT NULL,
  `money` decimal(10,2) NOT NULL,
  `num` int(11) NOT NULL,
  `uniacid` int(11) NOT NULL,
  PRIMARY KEY (`id`)
) ENGINE=InnoDB AUTO_INCREMENT=2 DEFAULT CHARSET=utf8;


CREATE TABLE IF NOT EXISTS `ims_cjdc_rzset` (
  `id` int(11) NOT NULL AUTO_INCREMENT,
  `cjwt` text NOT NULL COMMENT '常见问题',
  `rzxy` text NOT NULL COMMENT '入驻协议',
  `is_ruzhu` int(11) NOT NULL DEFAULT '2' COMMENT '是否开启入驻',
  `is_img` int(11) NOT NULL DEFAULT '2' COMMENT '入驻食品和身份证照片',
  PRIMARY KEY (`id`)
) ENGINE=InnoDB DEFAULT CHARSET=utf8;


CREATE TABLE IF NOT EXISTS `ims_cjdc_service` (
  `id` int(11) unsigned NOT NULL AUTO_INCREMENT,
  `store_id` int(11) NOT NULL COMMENT '门店id',
  `pid` int(11) NOT NULL COMMENT '父ID',
  `num` int(11) NOT NULL COMMENT '排序',
  `time` varchar(50) COLLATE utf8_unicode_ci NOT NULL COMMENT '时间',
  `dateline` int(11) NOT NULL,
  `uniacid` int(11) NOT NULL,
  PRIMARY KEY (`id`)
) ENGINE=InnoDB AUTO_INCREMENT=24 DEFAULT CHARSET=utf8 COLLATE=utf8_unicode_ci COMMENT='送达时间表';


CREATE TABLE IF NOT EXISTS `ims_cjdc_service_pay` (
  `id` int(11) unsigned NOT NULL AUTO_INCREMENT,
  `mchid` varchar(20) NOT NULL,
  `wxkey` varchar(100) NOT NULL,
  `apiclient_cert` text NOT NULL,
  `apiclient_key` text NOT NULL,
  `is_open` int(11) NOT NULL DEFAULT '2',
  `uniacid` int(11) NOT NULL,
  `appid` varchar(50) NOT NULL,
  PRIMARY KEY (`id`)
) ENGINE=InnoDB AUTO_INCREMENT=8 DEFAULT CHARSET=utf8;


CREATE TABLE IF NOT EXISTS `ims_cjdc_shopcar` (
  `id` int(11) NOT NULL AUTO_INCREMENT,
  `good_id` int(11) NOT NULL,
  `user_id` int(11) NOT NULL,
  `store_id` int(11) NOT NULL,
  `num` int(11) NOT NULL,
  `spec` varchar(100) NOT NULL,
  `combination_id` int(11) NOT NULL,
  `money` decimal(10,2) NOT NULL,
  `box_money` decimal(10,2) NOT NULL,
  `son_id` int(11) NOT NULL,
  `type` int(11) NOT NULL DEFAULT '1',
  `dr_id` int(11) NOT NULL,
  `is_qg` int(4) NOT NULL DEFAULT '2',
  `qg_name` varchar(20) NOT NULL,
  `qg_logo` varchar(500) NOT NULL,
  PRIMARY KEY (`id`)
) ENGINE=InnoDB AUTO_INCREMENT=477 DEFAULT CHARSET=utf8;


CREATE TABLE IF NOT EXISTS `ims_cjdc_signlist` (
  `id` int(11) unsigned NOT NULL AUTO_INCREMENT,
  `user_id` int(11) NOT NULL,
  `time` varchar(20) NOT NULL COMMENT '签到时间',
  `integral` int(11) NOT NULL,
  `uniacid` int(11) NOT NULL,
  `time2` int(11) NOT NULL,
  `time3` int(11) NOT NULL,
  PRIMARY KEY (`id`)
) ENGINE=InnoDB AUTO_INCREMENT=12 DEFAULT CHARSET=utf8 COMMENT='签到列表';


CREATE TABLE IF NOT EXISTS `ims_cjdc_signset` (
  `id` int(11) unsigned NOT NULL AUTO_INCREMENT,
  `one` int(11) NOT NULL COMMENT '首次奖励积分',
  `integral` int(11) NOT NULL COMMENT '每天签到积分',
  `is_open` int(11) NOT NULL COMMENT '1.开启2.关闭  签到',
  `is_bq` int(11) NOT NULL COMMENT '1.开启2.关闭  补签',
  `bq_integral` int(11) NOT NULL COMMENT '补签扣除积分',
  `details` text NOT NULL COMMENT '签到说明',
  `uniacid` int(11) NOT NULL,
  `qd_img` varchar(200) NOT NULL,
  PRIMARY KEY (`id`)
) ENGINE=InnoDB AUTO_INCREMENT=2 DEFAULT CHARSET=utf8;


CREATE TABLE IF NOT EXISTS `ims_cjdc_sms` (
  `id` int(11) NOT NULL AUTO_INCREMENT,
  `appkey` varchar(100) NOT NULL,
  `wm_tid` varchar(20) NOT NULL,
  `dn_tid` varchar(20) NOT NULL,
  `tel` varchar(20) NOT NULL,
  `store_id` int(11) NOT NULL,
  `is_wm` int(11) NOT NULL DEFAULT '2',
  `is_dn` int(11) NOT NULL DEFAULT '2',
  `yy_tid` varchar(20) NOT NULL,
  `is_yy` int(11) NOT NULL DEFAULT '2',
  `item` int(4) NOT NULL DEFAULT '1',
  `appid` varchar(20) NOT NULL,
  `tx_appkey` varchar(50) NOT NULL,
  `template_id` varchar(50) NOT NULL,
  `sign` varchar(200) NOT NULL,
  `code` varchar(10) NOT NULL DEFAULT '86',
  `aliyun_appkey` varchar(20) NOT NULL,
  `aliyun_appsecret` varchar(50) NOT NULL,
  `aliyun_sign` varchar(20) NOT NULL,
  `is_tk` int(1) NOT NULL DEFAULT '2',
  `tk_tid` varchar(30) NOT NULL,
  `openId` varchar(100) NOT NULL,
  PRIMARY KEY (`id`)
) ENGINE=InnoDB DEFAULT CHARSET=utf8;


CREATE TABLE IF NOT EXISTS `ims_cjdc_spec` (
  `id` int(11) NOT NULL AUTO_INCREMENT,
  `name` varchar(20) NOT NULL COMMENT '规格名称',
  `good_id` int(11) NOT NULL COMMENT '商品id',
  `num` int(11) NOT NULL COMMENT '排序',
  `uniacid` int(11) NOT NULL COMMENT '小程序id',
  PRIMARY KEY (`id`)
) ENGINE=InnoDB AUTO_INCREMENT=253 DEFAULT CHARSET=utf8;


CREATE TABLE IF NOT EXISTS `ims_cjdc_spec_combination` (
  `id` int(11) NOT NULL AUTO_INCREMENT,
  `wm_money` decimal(10,2) NOT NULL COMMENT '外卖价格',
  `dn_money` decimal(10,2) NOT NULL COMMENT '店内价格',
  `combination` varchar(100) NOT NULL COMMENT '组合',
  `number` int(11) NOT NULL COMMENT '库存',
  `good_id` int(11) NOT NULL COMMENT '商品id',
  PRIMARY KEY (`id`)
) ENGINE=InnoDB AUTO_INCREMENT=826 DEFAULT CHARSET=utf8;


CREATE TABLE IF NOT EXISTS `ims_cjdc_spec_val` (
  `id` int(11) NOT NULL AUTO_INCREMENT,
  `name` varchar(20) NOT NULL COMMENT '规格属性名称',
  `spec_id` int(11) NOT NULL COMMENT '规格id',
  `num` int(11) NOT NULL COMMENT '排序',
  `uniacid` int(11) NOT NULL COMMENT '小程序id',
  `good_id` int(11) NOT NULL,
  PRIMARY KEY (`id`)
) ENGINE=InnoDB AUTO_INCREMENT=707 DEFAULT CHARSET=utf8;


CREATE TABLE IF NOT EXISTS `ims_cjdc_special` (
  `id` int(11) unsigned NOT NULL AUTO_INCREMENT,
  `day` varchar(20) NOT NULL COMMENT '日期',
  `integral` int(11) NOT NULL COMMENT '积分',
  `title` varchar(20) NOT NULL COMMENT '标题说明',
  `color` varchar(20) NOT NULL COMMENT '颜色',
  `uniacid` int(11) NOT NULL,
  PRIMARY KEY (`id`)
) ENGINE=InnoDB AUTO_INCREMENT=2 DEFAULT CHARSET=utf8 COMMENT='特殊日期签到';


CREATE TABLE IF NOT EXISTS `ims_cjdc_sssset` (
  `id` int(11) unsigned NOT NULL AUTO_INCREMENT,
  `store_id` int(11) NOT NULL COMMENT '商户id',
  `sss_shop_id` int(11) NOT NULL COMMENT '闪时送门店id',
  `sss_shop_token` varchar(50) NOT NULL COMMENT '门店绑定验证码',
  `uniacid` int(11) NOT NULL COMMENT '小程序ID',
  PRIMARY KEY (`id`)
) ENGINE=InnoDB DEFAULT CHARSET=utf8 COMMENT='闪是送配置表';


CREATE TABLE IF NOT EXISTS `ims_cjdc_store` (
  `id` int(11) NOT NULL AUTO_INCREMENT,
  `name` varchar(50) NOT NULL COMMENT '商家名称',
  `address` varchar(200) NOT NULL COMMENT '商家地址',
  `time` varchar(20) NOT NULL COMMENT '营业时间',
  `time2` varchar(20) NOT NULL COMMENT '营业时间',
  `time3` varchar(20) NOT NULL COMMENT '营业时间',
  `time4` varchar(20) NOT NULL COMMENT '营业时间',
  `tel` varchar(20) NOT NULL COMMENT '电话',
  `announcement` varchar(200) NOT NULL COMMENT '公告',
  `is_rest` int(11) NOT NULL DEFAULT '2' COMMENT '是否休息(1 是  2否)',
  `img` text NOT NULL COMMENT '商家图片',
  `start_at` varchar(20) NOT NULL COMMENT '起送价',
  `freight` varchar(20) NOT NULL COMMENT '配送费',
  `logo` varchar(200) NOT NULL COMMENT 'logo',
  `details` text NOT NULL COMMENT '商家简介',
  `color` varchar(20) NOT NULL COMMENT '颜色',
  `coordinates` varchar(50) NOT NULL COMMENT '经纬度',
  `yyzz` text NOT NULL COMMENT '营业资质',
  `md_area` int(11) NOT NULL COMMENT '门店区域id',
  `md_type` int(11) NOT NULL COMMENT '门店类型id',
  `sales` decimal(10,1) NOT NULL,
  `score` int(11) NOT NULL COMMENT '销量',
  `capita` int(11) NOT NULL COMMENT '人均',
  `tx_user` int(11) NOT NULL COMMENT '提现人',
  `is_open` int(11) NOT NULL DEFAULT '1' COMMENT '是否开启门店',
  `uniacid` int(11) NOT NULL COMMENT '小程序id',
  `number` int(11) NOT NULL,
  `user_id` int(11) NOT NULL,
  `environment` text NOT NULL,
  `is_brand` int(11) NOT NULL DEFAULT '2',
  `state` int(4) NOT NULL DEFAULT '2',
  `rz_time` varchar(10) NOT NULL,
  `rzdq_time` varchar(20) NOT NULL DEFAULT '2020-06-08',
  `sq_id` int(11) NOT NULL DEFAULT '0',
  `zm_img` varchar(255) NOT NULL,
  `fm_img` varchar(255) NOT NULL,
  `zf_state` int(4) NOT NULL,
  `code` varchar(50) NOT NULL,
  `link_name` varchar(20) NOT NULL,
  `link_tel` varchar(20) NOT NULL,
  `sq_time` datetime NOT NULL,
  `money` decimal(10,2) NOT NULL,
  `admin_id` int(11) NOT NULL,
  `is_mp3` int(1) NOT NULL DEFAULT '2',
  `is_video` int(1) NOT NULL DEFAULT '2',
  `store_mp3` varchar(1000) NOT NULL,
  `store_video` varchar(1000) NOT NULL,
  `ps_poundage` varchar(10) NOT NULL,
  `qrcode` varchar(300) NOT NULL,
  `is_select` int(4) NOT NULL DEFAULT '2',
  `store_mchid` varchar(20) NOT NULL,
  PRIMARY KEY (`id`),
  KEY `uniacid` (`uniacid`),
  KEY `uniacid_2` (`uniacid`),
  KEY `uniacid_3` (`uniacid`),
  KEY `uniacid_4` (`uniacid`),
  KEY `uniacid_5` (`uniacid`),
  KEY `uniacid_6` (`uniacid`),
  KEY `uniacid_7` (`uniacid`),
  KEY `uniacid_8` (`uniacid`),
  KEY `uniacid_9` (`uniacid`),
  KEY `uniacid_10` (`uniacid`),
  KEY `uniacid_11` (`uniacid`),
  KEY `uniacid_12` (`uniacid`),
  KEY `uniacid_13` (`uniacid`),
  KEY `uniacid_14` (`uniacid`)
) ENGINE=InnoDB AUTO_INCREMENT=46 DEFAULT CHARSET=utf8;


CREATE TABLE IF NOT EXISTS `ims_cjdc_storead` (
  `id` int(11) NOT NULL AUTO_INCREMENT,
  `logo` varchar(200) NOT NULL,
  `src` varchar(100) NOT NULL COMMENT '内部链接',
  `src2` varchar(200) NOT NULL COMMENT '外部链接',
  `created_time` varchar(20) NOT NULL COMMENT '创建时间',
  `orderby` int(11) NOT NULL COMMENT '排序',
  `status` int(11) NOT NULL COMMENT '1.启用2.禁用',
  `type` int(11) NOT NULL COMMENT '类型',
  `appid` varchar(20) NOT NULL COMMENT '小程序appid',
  `title` varchar(20) NOT NULL COMMENT '小程序appid',
  `xcx_name` varchar(20) NOT NULL COMMENT '小程序名称',
  `item` int(11) NOT NULL COMMENT '1.内部2.外部3.跳转小程序',
  `store_id` int(11) NOT NULL COMMENT '商家id',
  `uniacid` int(11) NOT NULL,
  PRIMARY KEY (`id`)
) ENGINE=InnoDB AUTO_INCREMENT=40 DEFAULT CHARSET=utf8;


CREATE TABLE IF NOT EXISTS `ims_cjdc_storeset` (
  `id` int(11) NOT NULL AUTO_INCREMENT,
  `xyh_money` decimal(10,2) NOT NULL COMMENT '新用户立减金额',
  `xyh_open` int(11) NOT NULL DEFAULT '2' COMMENT '是否开启新用户立减1是2否',
  `integral` int(11) NOT NULL COMMENT '评价的积分',
  `integral2` int(11) NOT NULL COMMENT '消费得积分',
  `is_jd` int(11) NOT NULL DEFAULT '2' COMMENT '1自动接单  2.手动接单',
  `store_mp3` text NOT NULL COMMENT '商家音乐',
  `store_video` text NOT NULL COMMENT '商家视频',
  `is_mp3` int(11) NOT NULL DEFAULT '2' COMMENT '是否开启音乐',
  `is_video` int(11) NOT NULL DEFAULT '2' COMMENT '是否开启视频',
  `is_jfpay` int(11) DEFAULT '2' COMMENT '积分支付',
  `is_yuepay` int(11) NOT NULL DEFAULT '2' COMMENT '余额支付',
  `is_yuejf` int(11) NOT NULL DEFAULT '2' COMMENT '余额支付得积分',
  `is_wxpay` int(11) NOT NULL DEFAULT '1' COMMENT '微信支付',
  `poundage` int(11) NOT NULL COMMENT '手续费',
  `is_pj` int(11) NOT NULL DEFAULT '1' COMMENT '1.开启 2.关闭(评价)',
  `is_chzf` int(11) NOT NULL DEFAULT '2' COMMENT '餐后支付',
  `box_name` varchar(20) NOT NULL COMMENT '餐盒费文本',
  `yhq_name` varchar(20) NOT NULL COMMENT '收银文本',
  `sy_name` varchar(20) NOT NULL COMMENT '收银文本',
  `dn_name` varchar(20) NOT NULL COMMENT '店内文本',
  `wm_name` varchar(20) NOT NULL COMMENT '外卖文本',
  `yy_name` varchar(20) NOT NULL COMMENT '预约文本',
  `yhq_img` varchar(200) NOT NULL,
  `sy_img` varchar(200) NOT NULL,
  `dn_img` varchar(200) NOT NULL,
  `wm_img` varchar(200) NOT NULL,
  `yy_img` varchar(200) NOT NULL,
  `is_yhq` int(11) NOT NULL DEFAULT '1' COMMENT '是否开启优惠券',
  `is_sy` int(11) NOT NULL DEFAULT '1' COMMENT '是否开启收银',
  `is_dn` int(11) NOT NULL DEFAULT '1' COMMENT '是否开启店内',
  `is_wm` int(11) NOT NULL DEFAULT '1' COMMENT '是否开启外卖',
  `is_yy` int(11) NOT NULL DEFAULT '1' COMMENT '是否开启预约',
  `store_id` int(11) NOT NULL,
  `ps_time` varchar(20) NOT NULL COMMENT '配送时间',
  `ps_mode` varchar(20) NOT NULL COMMENT '1.商家配送2.达达配送',
  `ps_jl` int(11) NOT NULL COMMENT '配送距离',
  `is_zt` int(11) NOT NULL DEFAULT '2' COMMENT '1.开启2.关闭(是否自提)',
  `is_hdfk` int(11) NOT NULL DEFAULT '2' COMMENT '1.开启2.关闭(货到付款)',
  `print_type` int(4) NOT NULL DEFAULT '1' COMMENT '1整单,2分单打印',
  `ztxy` text NOT NULL COMMENT '自提协议',
  `top_style` int(11) NOT NULL DEFAULT '1',
  `info_style` int(11) NOT NULL DEFAULT '1',
  `yysm` varchar(20) NOT NULL,
  `wmsm` varchar(20) NOT NULL,
  `dnsm` varchar(20) NOT NULL,
  `sysm` varchar(20) NOT NULL,
  `is_wxzf` int(11) NOT NULL DEFAULT '1',
  `print_mode` int(4) NOT NULL DEFAULT '1',
  `is_yydc` int(11) NOT NULL DEFAULT '1',
  `is_ps` int(1) NOT NULL DEFAULT '1',
  `is_dd` int(11) NOT NULL DEFAULT '2',
  `is_cj` int(11) NOT NULL DEFAULT '1',
  `cj_name` varchar(20) NOT NULL DEFAULT '餐具用量',
  `wmps_name` varchar(20) NOT NULL DEFAULT '外卖配送',
  `is_czztpd` int(11) NOT NULL DEFAULT '2',
  `is_dcyhq` int(4) NOT NULL DEFAULT '1',
  `is_pt` int(4) NOT NULL DEFAULT '2',
  `qg_name` varchar(20) NOT NULL,
  `qgsm` varchar(20) NOT NULL,
  `qg_img` varchar(200) NOT NULL,
  `is_qg` int(4) NOT NULL DEFAULT '2',
  `pt_name` varchar(20) NOT NULL,
  `ptsm` varchar(100) NOT NULL,
  `pt_img` varchar(200) NOT NULL,
  `is_ydtime` int(4) NOT NULL DEFAULT '1',
  `is_yyzw` int(4) NOT NULL DEFAULT '1',
  `pd_name` varchar(30) NOT NULL,
  `pdsm` varchar(100) NOT NULL,
  `pd_img` varchar(255) NOT NULL,
  `is_pd` int(4) NOT NULL DEFAULT '1',
  `tz_src` int(4) NOT NULL DEFAULT '1',
  `full_delivery` int(11) NOT NULL,
  `is_poundage` int(1) NOT NULL DEFAULT '2',
  `dn_poundage` varchar(20) NOT NULL,
  `dm_poundage` varchar(20) NOT NULL,
  `yd_poundage` varchar(20) NOT NULL,
  PRIMARY KEY (`id`),
  KEY `store_id` (`store_id`),
  KEY `store_id_2` (`store_id`),
  KEY `store_id_3` (`store_id`),
  KEY `store_id_4` (`store_id`),
  KEY `store_id_5` (`store_id`),
  KEY `store_id_6` (`store_id`),
  KEY `store_id_7` (`store_id`),
  KEY `store_id_8` (`store_id`),
  KEY `store_id_9` (`store_id`),
  KEY `store_id_10` (`store_id`),
  KEY `store_id_11` (`store_id`),
  KEY `store_id_12` (`store_id`),
  KEY `store_id_13` (`store_id`),
  KEY `store_id_14` (`store_id`)
) ENGINE=InnoDB AUTO_INCREMENT=47 DEFAULT CHARSET=utf8;


CREATE TABLE IF NOT EXISTS `ims_cjdc_storetype` (
  `id` int(11) NOT NULL AUTO_INCREMENT,
  `type_name` varchar(50) NOT NULL COMMENT '类型名称',
  `num` int(11) NOT NULL,
  `img` varchar(200) NOT NULL,
  `uniacid` int(11) NOT NULL,
  `poundage` varchar(20) NOT NULL,
  `dn_poundage` varchar(20) NOT NULL,
  `dm_poundage` varchar(20) NOT NULL,
  `yd_poundage` varchar(20) NOT NULL,
  PRIMARY KEY (`id`)
) ENGINE=InnoDB AUTO_INCREMENT=31 DEFAULT CHARSET=utf8;


CREATE TABLE IF NOT EXISTS `ims_cjdc_system` (
  `id` int(11) NOT NULL AUTO_INCREMENT,
  `appid` varchar(50) NOT NULL COMMENT 'appid',
  `appsecret` varchar(50) NOT NULL COMMENT 'appsecret',
  `url_name` varchar(20) NOT NULL COMMENT '前台名称',
  `details` text NOT NULL COMMENT '关于我们',
  `url_logo` varchar(200) NOT NULL,
  `color` varchar(20) NOT NULL COMMENT '平台颜色',
  `link_name` varchar(20) NOT NULL COMMENT '后台名称',
  `link_logo` varchar(200) NOT NULL,
  `model` int(11) NOT NULL DEFAULT '2' COMMENT '1.多店2.单店',
  `default_store` int(11) NOT NULL COMMENT '默认门店id',
  `support` varchar(20) NOT NULL COMMENT '技术支持',
  `bq_logo` varchar(200) NOT NULL,
  `bq_name` varchar(50) NOT NULL COMMENT '版权名称',
  `map_key` varchar(100) NOT NULL COMMENT '腾讯地图key',
  `tz_appid` varchar(30) NOT NULL COMMENT '跳转小程序appid',
  `tz_name` varchar(20) NOT NULL COMMENT '跳转小程序名称',
  `tel` varchar(20) NOT NULL COMMENT '平台电话',
  `dada_key` varchar(50) NOT NULL COMMENT '达达key',
  `dada_secret` varchar(50) NOT NULL COMMENT '达达secret',
  `is_psxx` int(11) NOT NULL DEFAULT '1' COMMENT '配送信息是否显示',
  `jfgn` int(11) NOT NULL DEFAULT '2' COMMENT '积分功能1.开启2.关闭',
  `msgn` int(11) NOT NULL DEFAULT '2' COMMENT '平台模式功能',
  `fxgn` int(11) NOT NULL DEFAULT '2' COMMENT '分销功能',
  `uniacid` int(11) NOT NULL COMMENT '小程序id',
  `typeset` int(11) NOT NULL DEFAULT '1' COMMENT '是否显示分类',
  `wm_name` varchar(20) NOT NULL,
  `dc_name` varchar(20) NOT NULL,
  `yd_name` varchar(20) NOT NULL,
  `gs_img` text NOT NULL,
  `gs_details` text,
  `gs_tel` varchar(200) NOT NULL,
  `gs_time` varchar(50) NOT NULL,
  `gs_add` varchar(200) NOT NULL,
  `gs_zb` varchar(50) NOT NULL,
  `is_brand` int(11) NOT NULL DEFAULT '1',
  `kfw_appid` varchar(50) NOT NULL,
  `kfw_appsecret` varchar(50) NOT NULL,
  `fl_more` int(11) NOT NULL DEFAULT '1',
  `tx_zdmoney` decimal(10,2) NOT NULL,
  `tx_notice` text NOT NULL,
  `is_mdrz` int(4) NOT NULL DEFAULT '1',
  `md_sh` int(4) NOT NULL DEFAULT '1',
  `md_sf` int(4) NOT NULL DEFAULT '1',
  `rz_details` text NOT NULL,
  `rz_title` varchar(100) NOT NULL,
  `rz_ms` text NOT NULL,
  `countdown` int(11) NOT NULL DEFAULT '3',
  `distance` int(11) NOT NULL DEFAULT '10000',
  `integral` int(11) NOT NULL,
  `integral2` int(11) NOT NULL,
  `is_jf` int(11) NOT NULL DEFAULT '2',
  `fx_title` varchar(200) NOT NULL,
  `is_hy` int(1) NOT NULL DEFAULT '2',
  `hygn` int(1) NOT NULL DEFAULT '2',
  `hy_discount` int(11) NOT NULL,
  `hy_details` text NOT NULL,
  `kt_details` text NOT NULL,
  `cz_notice` text NOT NULL,
  `is_cz` int(1) NOT NULL DEFAULT '2',
  `hy_note` text NOT NULL,
  `is_yuepay` int(11) NOT NULL DEFAULT '2',
  `ps_name` varchar(30) NOT NULL,
  `is_tzms` int(11) NOT NULL DEFAULT '2',
  `is_wx` int(4) NOT NULL DEFAULT '1',
  `is_yhk` int(4) NOT NULL DEFAULT '1',
  `is_sj` int(4) NOT NULL DEFAULT '1',
  `is_dada` int(4) NOT NULL DEFAULT '1',
  `is_kfw` int(4) NOT NULL DEFAULT '1',
  `is_pt` int(4) NOT NULL DEFAULT '1',
  `sh_time` int(4) NOT NULL,
  `ptgn` int(4) NOT NULL DEFAULT '1',
  `qggn` int(4) NOT NULL DEFAULT '1',
  `is_zb` int(4) NOT NULL DEFAULT '1',
  `is_qg` int(4) NOT NULL DEFAULT '2',
  `isyykg` int(4) NOT NULL DEFAULT '2',
  `zb_img` varchar(300) NOT NULL,
  `is_tj` int(4) NOT NULL DEFAULT '1',
  `is_pay` int(1) NOT NULL DEFAULT '2',
  `pay_money` decimal(10,2) NOT NULL DEFAULT '0.00',
  `is_vip_delivery` int(1) NOT NULL DEFAULT '2',
  `is_tel` int(1) NOT NULL DEFAULT '2',
  `is_yy` int(1) NOT NULL DEFAULT '1',
  `is_sss` int(1) NOT NULL DEFAULT '1',
  `sss_appkey` varchar(50) NOT NULL,
  `sss_secret` varchar(50) NOT NULL,
  PRIMARY KEY (`id`)
) ENGINE=InnoDB AUTO_INCREMENT=14 DEFAULT CHARSET=utf8;


CREATE TABLE IF NOT EXISTS `ims_cjdc_table` (
  `id` int(11) NOT NULL AUTO_INCREMENT,
  `name` varchar(50) NOT NULL COMMENT '桌台号',
  `num` int(4) NOT NULL COMMENT '就餐人数',
  `type_id` varchar(50) NOT NULL COMMENT '桌台类型ID',
  `tag` varchar(50) NOT NULL COMMENT '标签',
  `orderby` int(11) NOT NULL COMMENT '排序',
  `status` int(4) NOT NULL COMMENT '状态，0 空闲，1开台，2已下单，3已支付',
  `uniacid` varchar(50) NOT NULL COMMENT '公众号ID',
  `store_id` int(11) NOT NULL,
  PRIMARY KEY (`id`)
) ENGINE=InnoDB AUTO_INCREMENT=125 DEFAULT CHARSET=utf8;


CREATE TABLE IF NOT EXISTS `ims_cjdc_table_type` (
  `id` int(11) NOT NULL AUTO_INCREMENT,
  `name` varchar(50) NOT NULL COMMENT '名字',
  `fw_cost` decimal(10,2) NOT NULL COMMENT '服务费',
  `zd_cost` decimal(10,2) NOT NULL COMMENT '最低消费',
  `yd_cost` decimal(10,2) NOT NULL COMMENT '预付款',
  `num` int(11) NOT NULL COMMENT '数量',
  `orderby` int(11) NOT NULL,
  `store_id` int(11) NOT NULL COMMENT '商家id',
  `uniacid` varchar(50) NOT NULL COMMENT '公众号ID',
  PRIMARY KEY (`id`)
) ENGINE=InnoDB AUTO_INCREMENT=23 DEFAULT CHARSET=utf8;


CREATE TABLE IF NOT EXISTS `ims_cjdc_txset` (
  `id` int(11) NOT NULL AUTO_INCREMENT,
  `tx_money` decimal(10,2) NOT NULL COMMENT '最低提现金额',
  `tx_rate` int(11) NOT NULL COMMENT '手续费',
  `tx_details` text NOT NULL COMMENT '提现详情',
  `uniacid` int(11) NOT NULL COMMENT '小程序id',
  PRIMARY KEY (`id`)
) ENGINE=InnoDB DEFAULT CHARSET=utf8;


CREATE TABLE IF NOT EXISTS `ims_cjdc_type` (
  `id` int(11) NOT NULL AUTO_INCREMENT,
  `type_name` varchar(20) NOT NULL COMMENT '分类名称',
  `order_by` int(11) NOT NULL COMMENT '排序',
  `store_id` int(11) NOT NULL COMMENT '商家id',
  `is_open` int(11) NOT NULL COMMENT '是否开启',
  `uniacid` int(11) NOT NULL COMMENT '小程序id',
  PRIMARY KEY (`id`)
) ENGINE=InnoDB AUTO_INCREMENT=368 DEFAULT CHARSET=utf8;


CREATE TABLE IF NOT EXISTS `ims_cjdc_typead` (
  `id` int(11) NOT NULL AUTO_INCREMENT,
  `logo` varchar(200) NOT NULL,
  `src` varchar(100) NOT NULL COMMENT '内部链接',
  `src2` varchar(200) NOT NULL COMMENT '外部链接',
  `created_time` varchar(20) NOT NULL COMMENT '创建时间',
  `orderby` int(11) NOT NULL COMMENT '排序',
  `status` int(11) NOT NULL COMMENT '1.启用2.禁用',
  `type` int(11) NOT NULL COMMENT '类型',
  `appid` varchar(20) NOT NULL COMMENT '小程序appid',
  `title` varchar(20) NOT NULL COMMENT '小程序appid',
  `xcx_name` varchar(20) NOT NULL COMMENT '小程序名称',
  `item` int(11) NOT NULL COMMENT '1.内部2.外部3.跳转小程序',
  `uniacid` int(11) NOT NULL,
  PRIMARY KEY (`id`)
) ENGINE=InnoDB AUTO_INCREMENT=32 DEFAULT CHARSET=utf8;


CREATE TABLE IF NOT EXISTS `ims_cjdc_user` (
  `id` int(11) NOT NULL AUTO_INCREMENT,
  `name` varchar(20) CHARACTER SET utf8mb4 NOT NULL,
  `join_time` varchar(20) NOT NULL,
  `img` varchar(200) NOT NULL,
  `openid` text NOT NULL,
  `total_score` int(11) NOT NULL,
  `wallet` decimal(10,2) NOT NULL,
  `commission` decimal(10,2) NOT NULL,
  `day` int(11) NOT NULL,
  `order_money` decimal(10,2) NOT NULL,
  `order_number` int(11) NOT NULL,
  `uniacid` int(11) NOT NULL,
  `dq_time` varchar(20) NOT NULL,
  `user_name` varchar(20) NOT NULL,
  `user_tel` varchar(20) NOT NULL,
  `hy_day` int(11) NOT NULL,
  PRIMARY KEY (`id`)
) ENGINE=InnoDB AUTO_INCREMENT=1135 DEFAULT CHARSET=utf8;


CREATE TABLE IF NOT EXISTS `ims_cjdc_useradd` (
  `id` int(11) NOT NULL AUTO_INCREMENT,
  `address` varchar(200) NOT NULL COMMENT '地址',
  `area` varchar(50) NOT NULL COMMENT '地区',
  `user_name` varchar(20) NOT NULL COMMENT '用户id',
  `user_id` int(11) NOT NULL COMMENT '用户id',
  `tel` varchar(20) NOT NULL COMMENT '电话',
  `is_default` int(11) NOT NULL COMMENT '是否默认',
  `sex` int(11) NOT NULL COMMENT '1.男2.女',
  `lat` varchar(20) NOT NULL COMMENT '经度',
  `lng` varchar(20) NOT NULL COMMENT '纬度',
  PRIMARY KEY (`id`)
) ENGINE=InnoDB AUTO_INCREMENT=20 DEFAULT CHARSET=utf8;


CREATE TABLE IF NOT EXISTS `ims_cjdc_usercoupons` (
  `id` int(11) NOT NULL AUTO_INCREMENT,
  `user_id` int(11) NOT NULL,
  `coupon_id` int(11) NOT NULL,
  `state` int(11) NOT NULL DEFAULT '2' COMMENT '1.使用2.未使用',
  `uniacid` int(11) NOT NULL,
  `time` varchar(20) NOT NULL,
  `type` int(11) NOT NULL COMMENT '1.手动2.自动',
  PRIMARY KEY (`id`)
) ENGINE=InnoDB AUTO_INCREMENT=95 DEFAULT CHARSET=utf8;


CREATE TABLE IF NOT EXISTS `ims_cjdc_withdrawal` (
  `id` int(11) NOT NULL AUTO_INCREMENT,
  `name` varchar(10) NOT NULL COMMENT '真实姓名',
  `username` varchar(100) NOT NULL COMMENT '账号',
  `type` int(11) NOT NULL COMMENT '1支付宝 2.微信 3.银行',
  `time` varchar(20) NOT NULL COMMENT '申请时间',
  `sh_time` varchar(20) NOT NULL COMMENT '审核时间',
  `state` int(11) NOT NULL COMMENT '1.待审核 2.通过  3.拒绝',
  `tx_cost` decimal(10,2) NOT NULL COMMENT '提现金额',
  `sj_cost` decimal(10,2) NOT NULL COMMENT '实际金额',
  `store_id` int(11) NOT NULL COMMENT '商家id',
  `uniacid` int(11) NOT NULL,
  `yhk_num` varchar(20) NOT NULL,
  `tel` varchar(20) NOT NULL,
  `yh_info` varchar(100) NOT NULL,
  PRIMARY KEY (`id`)
) ENGINE=InnoDB AUTO_INCREMENT=4 DEFAULT CHARSET=utf8;

]]></install>
	<uninstall><![CDATA[DROP TABLE IF EXISTS `ims_cjdc_account`;
DROP TABLE IF EXISTS `ims_cjdc_ad`;
DROP TABLE IF EXISTS `ims_cjdc_area`;
DROP TABLE IF EXISTS `ims_cjdc_assess`;
DROP TABLE IF EXISTS `ims_cjdc_call`;
DROP TABLE IF EXISTS `ims_cjdc_calllog`;
DROP TABLE IF EXISTS `ims_cjdc_collection`;
DROP TABLE IF EXISTS `ims_cjdc_commission_withdrawal`;
DROP TABLE IF EXISTS `ims_cjdc_continuous`;
DROP TABLE IF EXISTS `ims_cjdc_coupons`;
DROP TABLE IF EXISTS `ims_cjdc_couponset`;
DROP TABLE IF EXISTS `ims_cjdc_cptj`;
DROP TABLE IF EXISTS `ims_cjdc_czhd`;
DROP TABLE IF EXISTS `ims_cjdc_czorder`;
DROP TABLE IF EXISTS `ims_cjdc_distribution`;
DROP TABLE IF EXISTS `ims_cjdc_drorder`;
DROP TABLE IF EXISTS `ims_cjdc_dyj`;
DROP TABLE IF EXISTS `ims_cjdc_dytag`;
DROP TABLE IF EXISTS `ims_cjdc_earnings`;
DROP TABLE IF EXISTS `ims_cjdc_formid`;
DROP TABLE IF EXISTS `ims_cjdc_fxset`;
DROP TABLE IF EXISTS `ims_cjdc_fxuser`;
DROP TABLE IF EXISTS `ims_cjdc_goods`;
DROP TABLE IF EXISTS `ims_cjdc_group`;
DROP TABLE IF EXISTS `ims_cjdc_groupgoods`;
DROP TABLE IF EXISTS `ims_cjdc_grouphx`;
DROP TABLE IF EXISTS `ims_cjdc_grouporder`;
DROP TABLE IF EXISTS `ims_cjdc_grouptype`;
DROP TABLE IF EXISTS `ims_cjdc_help`;
DROP TABLE IF EXISTS `ims_cjdc_hyorder`;
DROP TABLE IF EXISTS `ims_cjdc_hyqx`;
DROP TABLE IF EXISTS `ims_cjdc_integral`;
DROP TABLE IF EXISTS `ims_cjdc_jfgoods`;
DROP TABLE IF EXISTS `ims_cjdc_jfrecord`;
DROP TABLE IF EXISTS `ims_cjdc_jftype`;
DROP TABLE IF EXISTS `ims_cjdc_kfwset`;
DROP TABLE IF EXISTS `ims_cjdc_llz`;
DROP TABLE IF EXISTS `ims_cjdc_message`;
DROP TABLE IF EXISTS `ims_cjdc_message2`;
DROP TABLE IF EXISTS `ims_cjdc_nav`;
DROP TABLE IF EXISTS `ims_cjdc_number`;
DROP TABLE IF EXISTS `ims_cjdc_numbertype`;
DROP TABLE IF EXISTS `ims_cjdc_order`;
DROP TABLE IF EXISTS `ims_cjdc_order_goods`;
DROP TABLE IF EXISTS `ims_cjdc_pay`;
DROP TABLE IF EXISTS `ims_cjdc_psset`;
DROP TABLE IF EXISTS `ims_cjdc_qbmx`;
DROP TABLE IF EXISTS `ims_cjdc_qggoods`;
DROP TABLE IF EXISTS `ims_cjdc_qgorder`;
DROP TABLE IF EXISTS `ims_cjdc_qgtype`;
DROP TABLE IF EXISTS `ims_cjdc_reduction`;
DROP TABLE IF EXISTS `ims_cjdc_reservation`;
DROP TABLE IF EXISTS `ims_cjdc_retail`;
DROP TABLE IF EXISTS `ims_cjdc_rzlog`;
DROP TABLE IF EXISTS `ims_cjdc_rzqx`;
DROP TABLE IF EXISTS `ims_cjdc_rzset`;
DROP TABLE IF EXISTS `ims_cjdc_service`;
DROP TABLE IF EXISTS `ims_cjdc_service_pay`;
DROP TABLE IF EXISTS `ims_cjdc_shopcar`;
DROP TABLE IF EXISTS `ims_cjdc_signlist`;
DROP TABLE IF EXISTS `ims_cjdc_signset`;
DROP TABLE IF EXISTS `ims_cjdc_sms`;
DROP TABLE IF EXISTS `ims_cjdc_spec`;
DROP TABLE IF EXISTS `ims_cjdc_spec_combination`;
DROP TABLE IF EXISTS `ims_cjdc_spec_val`;
DROP TABLE IF EXISTS `ims_cjdc_special`;
DROP TABLE IF EXISTS `ims_cjdc_sssset`;
DROP TABLE IF EXISTS `ims_cjdc_store`;
DROP TABLE IF EXISTS `ims_cjdc_storead`;
DROP TABLE IF EXISTS `ims_cjdc_storeset`;
DROP TABLE IF EXISTS `ims_cjdc_storetype`;
DROP TABLE IF EXISTS `ims_cjdc_system`;
DROP TABLE IF EXISTS `ims_cjdc_table`;
DROP TABLE IF EXISTS `ims_cjdc_table_type`;
DROP TABLE IF EXISTS `ims_cjdc_txset`;
DROP TABLE IF EXISTS `ims_cjdc_type`;
DROP TABLE IF EXISTS `ims_cjdc_typead`;
DROP TABLE IF EXISTS `ims_cjdc_user`;
DROP TABLE IF EXISTS `ims_cjdc_useradd`;
DROP TABLE IF EXISTS `ims_cjdc_usercoupons`;
DROP TABLE IF EXISTS `ims_cjdc_withdrawal`;
]]></uninstall>
	<upgrade><![CDATA[jihuodi_com.php]]></upgrade>

</manifest>
