[{"path":"\/admin\/common\/attachurl.php","checksum":"cf1acb2c20d781ea199feaa9fc9d48bc"},{"path":"\/admin\/common\/bootstrap.sys.inc.php","checksum":"a2228d65aa0bbbc91973e1c27d7c951b"},{"path":"\/admin\/common\/common.func.php","checksum":"eb45dc092a800a27d6f8d1f02e9b9a41"},{"path":"\/admin\/common\/template.func.php","checksum":"03acc0d1f9133126cf35fc95ade3dbb1"},{"path":"\/admin\/index.php","checksum":"24a04ba3c747b82917e6ca0197dd13f6"},{"path":"\/admin\/source\/site\/entry.ctrl.php","checksum":"05d820091eda133509172ec4a3b98a6c"},{"path":"\/admin\/source\/user\/login.ctrl.php","checksum":"b242d184a8db0ada119e6909c62f293d"},{"path":"\/admin\/source\/user\/logout.ctrl.php","checksum":"e1b37433f6d4e39436ae6c40b2fb0693"},{"path":"\/admin\/source\/utility\/__init.php","checksum":"221f9122c03c4212bed97e8e004202db"},{"path":"\/admin\/themes\/default\/common\/footer-base.html","checksum":"321ce2705a34828f9b5d993c100e8b2b"},{"path":"\/admin\/themes\/default\/common\/footer-cms.html","checksum":"62fa97e9bc35149414a517b614731d7d"},{"path":"\/admin\/themes\/default\/common\/footer-gw.html","checksum":"7be96e41f312738c4ade0d7037a159eb"},{"path":"\/admin\/themes\/default\/common\/footer.html","checksum":"acc3889ecf78a1f4923605214473fa49"},{"path":"\/admin\/themes\/default\/common\/header-base.html","checksum":"76beaa037cecd85c4fb69dbd3d7a54c5"},{"path":"\/admin\/themes\/default\/common\/header-cms.html","checksum":"7517903eef4b0075475b56afc3135397"},{"path":"\/admin\/themes\/default\/common\/header-gw.html","checksum":"4d906ac9213211f2e2bcb434b292165d"},{"path":"\/admin\/themes\/default\/common\/header.html","checksum":"e3a8caa9186541227a222544437b398e"},{"path":"\/admin\/themes\/default\/common\/message.html","checksum":"0bdc44ca6eb4f30694e0dacac846ea94"},{"path":"\/admin\/themes\/default\/user\/login.html","checksum":"0adf42ff89573d3e3d4c3dd04383fe03"},{"path":"\/call\/ycA000120.wav","checksum":"e5fc5504f4ae6916399c79e0f94c085e"},{"path":"\/call\/ycA00037.wav","checksum":"ff20c92dacb9ddf76889294b14dfc96e"},{"path":"\/cert\/apiclient_cert_7.pem","checksum":"606a806b50b80344bbad74ad42f64e6c"},{"path":"\/cert\/apiclient_cert_service7.pem","checksum":"6a845faf8fcaa139c2fa99f38fb87ec7"},{"path":"\/cert\/apiclient_key_7.pem","checksum":"37f5e08963d758562d7f682bd1e7b116"},{"path":"\/cert\/apiclient_key_service7.pem","checksum":"6921c7f0e7effa11a58dd5a7ee72d8e5"},{"path":"\/cert\/WxPay.Api.php","checksum":"5ce87725f51d80e9f8de0fae6ea25092"},{"path":"\/cert\/WxPay.Data.php","checksum":"e89eede6fe7b9dbbe6e3da85a7519767"},{"path":"\/cert\/WxPay.Exception.php","checksum":"3c91aa9d135f12a089646fbaab157ee0"},{"path":"\/cert\/WxPay.Notify.php","checksum":"73203713a4ba7e6201a70ad058d2f98d"},{"path":"\/errorCode.php","checksum":"d9eb8e7a60d7d43d7a3ca80d55cad2ce"},{"path":"\/excel\/18-11-01-11-51-44.xls","checksum":"0726a1274627fc4520b68f24b95dd3aa"},{"path":"\/excel\/19-08-17-09-43-37.xls","checksum":"0aea84b87185ae462ea8d235ea2f274e"},{"path":"\/excel\/19-08-17-09-43-44.xls","checksum":"0aea84b87185ae462ea8d235ea2f274e"},{"path":"\/excel\/dishes.xls","checksum":"0aea84b87185ae462ea8d235ea2f274e"},{"path":"\/excel\/dishestype.xls","checksum":"4e3ac135373accacdfd52cae2d68ea84"},{"path":"\/icon.jpg","checksum":"f86509cba2b35ce361a40b80e3ad87a0"},{"path":"\/img\/1.jpeg","checksum":"b1b5e344c013fbe06539ce53791b20c6"},{"path":"\/img\/11.jpeg","checksum":"27967d3a476c8ebf309520ad7c995548"},{"path":"\/img\/15.jpeg","checksum":"63975f26353cc807bf9a7e80778b04a9"},{"path":"\/img\/2.jpeg","checksum":"e28707e28c8371f50f93bc501d6080a1"},{"path":"\/img\/20.jpeg","checksum":"b447dc04488b7305485dbbb0b8d926ca"},{"path":"\/img\/3.jpeg","checksum":"7739a1886bc3a8e838d82ade5ceaeafd"},{"path":"\/img\/4.jpeg","checksum":"abaededb0f4d6eaa3544c5d63ef3711a"},{"path":"\/img\/5.jpeg","checksum":"5c17c943e95756ec414a2ba4fc64d6f4"},{"path":"\/img\/8.jpeg","checksum":"7287580310e2edea8ea6a9184ffe381a"},{"path":"\/img\/undefined.jpeg","checksum":"026f689bbcf4c07db53a7c9c8921ab9a"},{"path":"\/inc\/func\/core.php","checksum":"3cf0d075ac788ba81f59b84a36e4de7e"},{"path":"\/inc\/upload\/18-02-02-15-17-10.xls","checksum":"831d2fb2d51ebe38a76452df446a8b3e"},{"path":"\/inc\/upload\/18-02-02-15-32-17.xls","checksum":"e27012705cc779511530873a1dbd8f87"},{"path":"\/inc\/upload\/dishes.xls","checksum":"b90457a7030317c70994940ee831cdac"},{"path":"\/inc\/web\/account.inc.php","checksum":"54e81c6f947529296f884108d4e18358"},{"path":"\/inc\/web\/ad.inc.php","checksum":"861aa4f805a8dde5a84e8749c53ef325"},{"path":"\/inc\/web\/addad.inc.php","checksum":"3f16ab796da8214aa1b7960ab48f150f"},{"path":"\/inc\/web\/addaddress.inc.php","checksum":"43b70412e3e99795f03198f295a7975d"},{"path":"\/inc\/web\/addadmin.inc.php","checksum":"8ef5b5a63fe27d25fa65d3404a090d97"},{"path":"\/inc\/web\/addarea.inc.php","checksum":"46bd92bb02134fb283e12982fb00bb4d"},{"path":"\/inc\/web\/addcoupons.inc.php","checksum":"1af911b160085058cad64a8389aa254d"},{"path":"\/inc\/web\/addcptj.inc.php","checksum":"a75166ffd27e0d1c6a3f7f7d36e3be04"},{"path":"\/inc\/web\/adddishes.inc.php","checksum":"fa2674770123885b80a802a92dbec079"},{"path":"\/inc\/web\/adddishestype.inc.php","checksum":"b2b784f767ab205d7cc58ad17ac231b6"},{"path":"\/inc\/web\/addgroupgoods.inc.php","checksum":"c671c7791d2704b8c2e735b5e6701d2c"},{"path":"\/inc\/web\/addgrouphx.inc.php","checksum":"e60f1286ad6b9f4d140741b1aaef1a73"},{"path":"\/inc\/web\/addgrouptype.inc.php","checksum":"7af6b9eb7bebd41f7e427c76b347dbbb"},{"path":"\/inc\/web\/addhyqx.inc.php","checksum":"6fdad6017f611a8be88072d0443de987"},{"path":"\/inc\/web\/addjfgoods.inc.php","checksum":"06020bfb41a4d5ea502cebf89ccd0a16"},{"path":"\/inc\/web\/addjftype.inc.php","checksum":"fa7c27ac91bea807b05a6c8fbd047cae"},{"path":"\/inc\/web\/addllz.inc.php","checksum":"73b80da06cff181941cfe8f264627dfd"},{"path":"\/inc\/web\/addnav.inc.php","checksum":"19efa648cf102bcd621acf1e13f29435"},{"path":"\/inc\/web\/addnumbertype.inc.php","checksum":"bc6e39d1da64e18670ced81088f737a8"},{"path":"\/inc\/web\/addprint.inc.php","checksum":"33d47280782a0f8fc493598beaed6b0b"},{"path":"\/inc\/web\/addprintlabel.inc.php","checksum":"113e9a65996145c95d31043ee363b5de"},{"path":"\/inc\/web\/addpsmoney.inc.php","checksum":"fceee0a1a39b37e436988e77c393fbc0"},{"path":"\/inc\/web\/addqggoodall.inc.php","checksum":"89f044580e15de9da8cbb68a56fe22a5"},{"path":"\/inc\/web\/addqggoods.inc.php","checksum":"f1947d3878a5f2349c5a89f0851733f8"},{"path":"\/inc\/web\/addreservation.inc.php","checksum":"33506916c0cfb1bb341970a9701d1922"},{"path":"\/inc\/web\/address.inc.php","checksum":"33c0cf3a84dcb2fa125ff54812ca50ac"},{"path":"\/inc\/web\/addrushtype.inc.php","checksum":"7d88fac53c2f64eed639fc372653d291"},{"path":"\/inc\/web\/addrzqx.inc.php","checksum":"ea614971d64493dc4c7b9e3ace40491a"},{"path":"\/inc\/web\/addservice.inc.php","checksum":"3a3ab96fac6663c2c6214c8638905289"},{"path":"\/inc\/web\/addsonservice.inc.php","checksum":"9bd29e41fe27929894ead9324f0a7bb0"},{"path":"\/inc\/web\/addspec.inc.php","checksum":"a6b72f44c4a70bc6e6b555b191abc2cb"},{"path":"\/inc\/web\/addstore.inc.php","checksum":"3c31b150e6ab7fcd239bd6552c81f46f"},{"path":"\/inc\/web\/addstoread.inc.php","checksum":"3fc73b3a5297abccc4ce7893cdda9570"},{"path":"\/inc\/web\/addstoretype.inc.php","checksum":"7927058eb972f229311fa79827a924f1"},{"path":"\/inc\/web\/addtable.inc.php","checksum":"3879dcac022eebad6b451cf651e90866"},{"path":"\/inc\/web\/addtabletype.inc.php","checksum":"e256055e5eb9e680cf67a270e410936c"},{"path":"\/inc\/web\/addtypead.inc.php","checksum":"33e7cf444f5d22334217f4a70a21d98b"},{"path":"\/inc\/web\/addvoucher.inc.php","checksum":"821c0ca3449aad517558986578b9e274"},{"path":"\/inc\/web\/admin.inc.php","checksum":"7d98dfb0778ce40a62ba2836c5529be0"},{"path":"\/inc\/web\/allgroupgoods.inc.php","checksum":"b25ef438f678305f7d6be29a29022acc"},{"path":"\/inc\/web\/allreservation.inc.php","checksum":"7605a27ccd0323fab7c1efaad9c0870e"},{"path":"\/inc\/web\/analysis.inc.php","checksum":"5ccc9a759a6ba8076af4fd5d41241a35"},{"path":"\/inc\/web\/area.inc.php","checksum":"1af3e77caedfe6fe071b9a244e3097ae"},{"path":"\/inc\/web\/assess.inc.php","checksum":"4ea3218814335068b59b76919943b554"},{"path":"\/inc\/web\/banquanset.inc.php","checksum":"daf546cb8cc6db45ee288bc0716c2251"},{"path":"\/inc\/web\/batch.inc.php","checksum":"5adafb7492df3e867cf38f8ed37637ba"},{"path":"\/inc\/web\/call.inc.php","checksum":"1311511edf2bb4144b5f03e8eb6b9c4b"},{"path":"\/inc\/web\/calllog.inc.php","checksum":"e3f77d643206d91d48be36add50d88dd"},{"path":"\/inc\/web\/chongzhi.inc.php","checksum":"0d855d535ff049d800deb168fe148b37"},{"path":"\/inc\/web\/comment.inc.php","checksum":"c3ed209acb4d40bb17730d786069a7bc"},{"path":"\/inc\/web\/countadd.inc.php","checksum":"6aa8646a9dc2f1ea41f03d7bc63fe5d7"},{"path":"\/inc\/web\/coupons.inc.php","checksum":"48eb5a18a99656e74a3eea723b2ad805"},{"path":"\/inc\/web\/couponset.inc.php","checksum":"eaa834d0698f80116f5bc933087848f2"},{"path":"\/inc\/web\/cptj.inc.php","checksum":"e3fe3603d612cde2ca652a38078a85fd"},{"path":"\/inc\/web\/czjl.inc.php","checksum":"01af5082af1d8215da256fc513e07478"},{"path":"\/inc\/web\/czsz.inc.php","checksum":"0e4c30f818f5b838aab5a1da73895f59"},{"path":"\/inc\/web\/dada.inc.php","checksum":"04df2ca011c5733d926f55b189b18800"},{"path":"\/inc\/web\/dasettings.inc.php","checksum":"7d38390888ad216ea31096d44b1942e8"},{"path":"\/inc\/web\/dishes2.inc.php","checksum":"89957d95d96088f68ae5cf6a99a4f853"},{"path":"\/inc\/web\/dishestype.inc.php","checksum":"1127cacd5fedf7409953391c7fd5233e"},{"path":"\/inc\/web\/dispatch.inc.php","checksum":"b8146a91d7faf6e4d998c113bd05bf1f"},{"path":"\/inc\/web\/dlaccount.inc.php","checksum":"ef426f5fea80fa9aaf83e828c7190bb2"},{"path":"\/inc\/web\/dladdaccount.inc.php","checksum":"1009de8b7225973964822b101003e1bd"},{"path":"\/inc\/web\/dladdcoupons.inc.php","checksum":"d1b756dd0fb0ece02be64f1c25d190d9"},{"path":"\/inc\/web\/dladddishes.inc.php","checksum":"cb2407e3016d23b783c43522db18aaf5"},{"path":"\/inc\/web\/dladddishestype.inc.php","checksum":"cb5ea0208c42745a29be13e0a5fef473"},{"path":"\/inc\/web\/dladdgroupgoods.inc.php","checksum":"58f58d41dbc3f934392269170d4d7352"},{"path":"\/inc\/web\/dladdgrouphx.inc.php","checksum":"ed8f53902adbf68dc21737a692499efb"},{"path":"\/inc\/web\/dladdnumbertype.inc.php","checksum":"00c65b5c156d549d702a796682401962"},{"path":"\/inc\/web\/dladdprint.inc.php","checksum":"b2e677d11997ca96479000d5035e1858"},{"path":"\/inc\/web\/dladdprintlabel.inc.php","checksum":"19b31ef8c4ee3927a32a54ac37618902"},{"path":"\/inc\/web\/dladdpsmoney.inc.php","checksum":"6075b8da396e1ddf36a48d9b77718da5"},{"path":"\/inc\/web\/dladdqggoods.inc.php","checksum":"e00ac5ad38f84601c8f40d334fd0309e"},{"path":"\/inc\/web\/dladdreservation.inc.php","checksum":"e6ece53e8ed45f5dc6180468d2552c62"},{"path":"\/inc\/web\/dladdservice.inc.php","checksum":"4af18e786b0419622d0100a9bdfda86a"},{"path":"\/inc\/web\/dladdsonservice.inc.php","checksum":"767d567b7e6233229a404b526e37ab97"},{"path":"\/inc\/web\/dladdspec.inc.php","checksum":"db71b6b6d3e5e18e6f3fe9f62f500e56"},{"path":"\/inc\/web\/dladdstoread.inc.php","checksum":"72b37906edf3bf4d4d899d3cf1fbdd1a"},{"path":"\/inc\/web\/dladdtable.inc.php","checksum":"4ee5d1b0e9a3662c371adf99e2208b91"},{"path":"\/inc\/web\/dladdtabletype.inc.php","checksum":"399d85770b14004e841bc33e421bc9d9"},{"path":"\/inc\/web\/dladdvoucher.inc.php","checksum":"9935e30b09e903fd50a0bb8b1cfbcb51"},{"path":"\/inc\/web\/dlallreservation.inc.php","checksum":"62f1da78b6b8131c006db12d9ae0bd86"},{"path":"\/inc\/web\/dlbatch.inc.php","checksum":"0a889e8c2fce0738c9c9cd9ee77a476c"},{"path":"\/inc\/web\/dlcall.inc.php","checksum":"fc8ddc0f6151662ecce339a3ce8a28b6"},{"path":"\/inc\/web\/dlcalllog.inc.php","checksum":"fe30582db33eced30ff68f8fad74f26a"},{"path":"\/inc\/web\/dlcomment.inc.php","checksum":"1614cfb94ead7a546ed94a197c84535f"},{"path":"\/inc\/web\/dlcoupons.inc.php","checksum":"d5987d565e05f51a72246ad33a54f4b9"},{"path":"\/inc\/web\/dldada.inc.php","checksum":"674066b1e6c9b5d4e670b6a9b3bf30d2"},{"path":"\/inc\/web\/dldishes2.inc.php","checksum":"db53e6f8f609db949c3a58a8976ca35f"},{"path":"\/inc\/web\/dldishestype.inc.php","checksum":"93d7969c92864d0c58300ffe298991eb"},{"path":"\/inc\/web\/dldmzjlist.inc.php","checksum":"766a6fdde30c8b604434993384244699"},{"path":"\/inc\/web\/dldnzjlist.inc.php","checksum":"8e964b5d465f0ed8be211f028216dccc"},{"path":"\/inc\/web\/dlfinance.inc.php","checksum":"96604904a984ba11f4604d760f68f878"},{"path":"\/inc\/web\/dlgoodrank.inc.php","checksum":"e606b0f023ec38ec67155ef541fd7fe8"},{"path":"\/inc\/web\/dlgroup.inc.php","checksum":"920053c19c27995e0164dde52384ef2d"},{"path":"\/inc\/web\/dlgroupgoods.inc.php","checksum":"521203ffb0cd9cd9c237e57e5cd7830e"},{"path":"\/inc\/web\/dlgrouphx.inc.php","checksum":"1c931875732d231c616f86c3824823d6"},{"path":"\/inc\/web\/dlgrouporder.inc.php","checksum":"88b99e55bee9301dada4a9ac071add5b"},{"path":"\/inc\/web\/dlgrouporderinfo.inc.php","checksum":"8204a3a9e633b9f47ebd275df18c682f"},{"path":"\/inc\/web\/dlgroupteam.inc.php","checksum":"fb0b8bc8e5600901a62c16f26cfd6535"},{"path":"\/inc\/web\/dlinaddcoupons.inc.php","checksum":"1f9bcf366176a918f645dbae812e8b0d"},{"path":"\/inc\/web\/dlincoupons.inc.php","checksum":"da6cafc26ec6395fe7dc87dfd3eca8b8"},{"path":"\/inc\/web\/dlindmorder.inc.php","checksum":"c56ce109d2fe10227a8fb9818987d570"},{"path":"\/inc\/web\/dlindnorder.inc.php","checksum":"b70b9ddafb4138e679a7f2b77617511f"},{"path":"\/inc\/web\/dlindnorderinfo.inc.php","checksum":"730748f7eaf743af5c73506eab54cc71"},{"path":"\/inc\/web\/dlinjfset.inc.php","checksum":"aab3223f7733e78e3f1dc4d520730056"},{"path":"\/inc\/web\/dlinjian.inc.php","checksum":"f44c8442fda75fd61bd26dfb2f44c125"},{"path":"\/inc\/web\/dlinjianadd.inc.php","checksum":"531d8616487e276a6750226ea1e34000"},{"path":"\/inc\/web\/dlinorder.inc.php","checksum":"407c39f75c0fcc597139cb91211b380f"},{"path":"\/inc\/web\/dlinorderinfo.inc.php","checksum":"7160b448621d6d4278e14a181ceeaf8f"},{"path":"\/inc\/web\/dlinpay.inc.php","checksum":"e18e0933f8b409c58111b92080eb9ed1"},{"path":"\/inc\/web\/dlinsms.inc.php","checksum":"a9664931ddce32e940dffbbc48cd73b8"},{"path":"\/inc\/web\/dlintabelset.inc.php","checksum":"4e5c1742a283d6f80b2baf59403e5271"},{"path":"\/inc\/web\/dlintx.inc.php","checksum":"c3477a3a6613027cd4b513a321aa98d9"},{"path":"\/inc\/web\/dlintxlist.inc.php","checksum":"5967aefb12397a86401d4e0f41ac0b2d"},{"path":"\/inc\/web\/dlinuser.inc.php","checksum":"51d035b0a8c7c9a8aa5c86f1d42c3078"},{"path":"\/inc\/web\/dlinuserorder.inc.php","checksum":"b1b948ccae378a1ea42ed35d9ecf5561"},{"path":"\/inc\/web\/dlinydorder.inc.php","checksum":"9210a6d7401fadcefc7558cc48e8fe35"},{"path":"\/inc\/web\/dlinydorderinfo.inc.php","checksum":"679bc061850d8bcb35d0c1aafa620d20"},{"path":"\/inc\/web\/dlkfwset.inc.php","checksum":"372e35909479c361a6ac28058ffcadfe"},{"path":"\/inc\/web\/dllaoz.inc.php","checksum":"4b8dba88d5a91635f6b94678f4d3e3af"},{"path":"\/inc\/web\/dllqnumber.inc.php","checksum":"b6547a7ba2903642dc9a69067730cd91"},{"path":"\/inc\/web\/dlmt.inc.php","checksum":"7b80b13389417fc59d36f10a55daefe9"},{"path":"\/inc\/web\/dlnumber.inc.php","checksum":"0daf8da608cb5476663947a32372ade3"},{"path":"\/inc\/web\/dlnumbertype.inc.php","checksum":"efd8a6f417ef0c70e52e9a75e1a32925"},{"path":"\/inc\/web\/dlpeisongset.inc.php","checksum":"58303d6e953604e93410bef7179d8470"},{"path":"\/inc\/web\/dlprint.inc.php","checksum":"69165c61b26c0fea9bd5d660ec867ea9"},{"path":"\/inc\/web\/dlprintlabel.inc.php","checksum":"75b0b2ae94926102855d249b46d17781"},{"path":"\/inc\/web\/dlprintset.inc.php","checksum":"1f5ef18dec69020658b7c8e0bff7db1a"},{"path":"\/inc\/web\/dlpsmoney.inc.php","checksum":"d8c7a1068df01275d1ff5ea040b2f3dd"},{"path":"\/inc\/web\/dlptzjlist.inc.php","checksum":"7e4d5585e3e1757558876d088754b8bd"},{"path":"\/inc\/web\/dlqggoods.inc.php","checksum":"7400f517d07f1dc938a3f0dc6806a001"},{"path":"\/inc\/web\/dlqgorder.inc.php","checksum":"9f5f4aa481ccad9504d104987a166b0d"},{"path":"\/inc\/web\/dlqgzjlist.inc.php","checksum":"8d4c8af69931867103a73146c8ba254a"},{"path":"\/inc\/web\/dlreservation.inc.php","checksum":"464da0dae5dd40d1124ba2aa3bcc7b1e"},{"path":"\/inc\/web\/dlrrset.inc.php","checksum":"6f55a36e8ed8ea0191654041a962adb8"},{"path":"\/inc\/web\/dlservice.inc.php","checksum":"0fbdf6fbab1c30aad385bc48647b4e5e"},{"path":"\/inc\/web\/dlspec.inc.php","checksum":"9fcbfa14cbc545f5558cdb7a0e4f7ec9"},{"path":"\/inc\/web\/dlstoread.inc.php","checksum":"015d8ba9941ba9bf1badc92bba86e324"},{"path":"\/inc\/web\/dlstoreinfo.inc.php","checksum":"4dd798514ba7889774ed15ecd559c277"},{"path":"\/inc\/web\/dltable2.inc.php","checksum":"12d9090f92aa04f0a5b593b8ce0f92a8"},{"path":"\/inc\/web\/dltableorder.inc.php","checksum":"81c0eb1dc6bdea2f9ee1e9442babfbf4"},{"path":"\/inc\/web\/dltabletype2.inc.php","checksum":"7985bd4f28c1d156ea24c2d45ddbbf2f"},{"path":"\/inc\/web\/dluuset.inc.php","checksum":"6547abc2c770a98ca6bdf3920c6a9dd5"},{"path":"\/inc\/web\/dlvoucher.inc.php","checksum":"2216eae7c2ddcb590182c35ce46a2c16"},{"path":"\/inc\/web\/dlygquan.inc.php","checksum":"7ef28bcb04282ba0aebfe7bfb9fe6190"},{"path":"\/inc\/web\/dlyingyetime.inc.php","checksum":"05b02de60f433a910d07e8522ae6a85a"},{"path":"\/inc\/web\/dlyyset.inc.php","checksum":"287f6998fd9fdf8d38c3163df68304c8"},{"path":"\/inc\/web\/dlyyzjlist.inc.php","checksum":"af971d04b89e55d8843c895d1ca93fd9"},{"path":"\/inc\/web\/dlzjlist.inc.php","checksum":"1ba11e95be6280a45e998be77e77f6c2"},{"path":"\/inc\/web\/dmorder.inc.php","checksum":"425fc0ab6f5890ea1647b7bebe297596"},{"path":"\/inc\/web\/dmzjlist.inc.php","checksum":"388ff3fc5d36b468260070f3849ae52e"},{"path":"\/inc\/web\/dnorder.inc.php","checksum":"522362284d7c6f1f9a213a8a97402434"},{"path":"\/inc\/web\/dnorderinfo.inc.php","checksum":"3c05ccb3db26c5ecfa7749c37e0aeb1e"},{"path":"\/inc\/web\/dnzjlist.inc.php","checksum":"638a0d7158cc666b347ac7d39584cd9a"},{"path":"\/inc\/web\/finance.inc.php","checksum":"f5ef4c6f966a555665981a2fd417e67d"},{"path":"\/inc\/web\/fxlist.inc.php","checksum":"083068683958edd91fee4b2aaa62f662"},{"path":"\/inc\/web\/fxorder.inc.php","checksum":"b759dcaf157bea8332b5d17315e48d5f"},{"path":"\/inc\/web\/fxset.inc.php","checksum":"3d8d9ecd9204d270674e109ad64d6dbb"},{"path":"\/inc\/web\/fxtx.inc.php","checksum":"50b9b9094385a4a4284d70c86f664bb5"},{"path":"\/inc\/web\/gaikuangdata.inc.php","checksum":"151d007c1239378db78d8ea8fca68f4e"},{"path":"\/inc\/web\/goodrank.inc.php","checksum":"9303daae11ddb8270720dc3752915c87"},{"path":"\/inc\/web\/group.inc.php","checksum":"49757cd44616d04a5f94895beda8d8a7"},{"path":"\/inc\/web\/groupgoods.inc.php","checksum":"82cb3a686d84042af26a432096113103"},{"path":"\/inc\/web\/groupgoodsinfo.inc.php","checksum":"6513c13142e03ec420837370b6e5eff0"},{"path":"\/inc\/web\/grouphx.inc.php","checksum":"e4409abcfc16992270b9d2e50f6e798d"},{"path":"\/inc\/web\/grouporder.inc.php","checksum":"84601470d08a1eb086b86621f02bfe99"},{"path":"\/inc\/web\/grouporderinfo.inc.php","checksum":"c4dda39925349785bd5881ebac5b038c"},{"path":"\/inc\/web\/groupteam.inc.php","checksum":"273b5b88a0fe6fbcf98ebd7bb955f9ba"},{"path":"\/inc\/web\/grouptype.inc.php","checksum":"5ceeac73fa598078e1fdc728bc24c096"},{"path":"\/inc\/web\/heli.inc.php","checksum":"35ead19514d892c8ff8411b7e2963287"},{"path":"\/inc\/web\/help.inc.php","checksum":"1793b80a661aac0ea1cdf4915a04e267"},{"path":"\/inc\/web\/hyaddcoupons.inc.php","checksum":"75d565b834adcf032da36eb73e88b44b"},{"path":"\/inc\/web\/hycoupons.inc.php","checksum":"19070038dcf7888d591291d79e52f3ba"},{"path":"\/inc\/web\/hyorder.inc.php","checksum":"c8f1615c8b3313d49156b6592d8cd4e5"},{"path":"\/inc\/web\/hyqx.inc.php","checksum":"18364ca9fe0d1fe18b4671947fb774c2"},{"path":"\/inc\/web\/hyset.inc.php","checksum":"202c14266c278787cd2aa6a0eb2799ac"},{"path":"\/inc\/web\/hyuser.inc.php","checksum":"a011d95d9068e14e68a704c3ddf962df"},{"path":"\/inc\/web\/hyuserjf.inc.php","checksum":"cea17ec217b09efedb969ffb49caeb8b"},{"path":"\/inc\/web\/hyuserqb.inc.php","checksum":"fa4f81310318dbad4b0b7e3db64e7eb0"},{"path":"\/inc\/web\/inaddcoupons.inc.php","checksum":"9770554c5c0b4e530644a3839ed6a02b"},{"path":"\/inc\/web\/incoupons.inc.php","checksum":"a8a2a52a5e601545fbad3ccaa379b7c9"},{"path":"\/inc\/web\/index.inc.php","checksum":"96ef940bf19f3b0c4cde6affbd0c4726"},{"path":"\/inc\/web\/indmorder.inc.php","checksum":"f6ffdcb793e1d68fba968ef242780a87"},{"path":"\/inc\/web\/indnorder.inc.php","checksum":"b283524b9e9a9e63e26e6ba9c91cc986"},{"path":"\/inc\/web\/indnorderinfo.inc.php","checksum":"4d91712bebfeeb6f9a6440b9c86197b8"},{"path":"\/inc\/web\/injfset.inc.php","checksum":"007f5d7879d381654cd2e93e034c4553"},{"path":"\/inc\/web\/injian.inc.php","checksum":"05d656f4d5975c4e9d9c93b8e02fc7ea"},{"path":"\/inc\/web\/injianadd.inc.php","checksum":"588554796653b7f641bc5c082c69dd76"},{"path":"\/inc\/web\/inorder.inc.php","checksum":"52a58dc9465eced1c7e376f52164481d"},{"path":"\/inc\/web\/inorderinfo.inc.php","checksum":"ad640f26386cc6efa7c5587fbe02dbf9"},{"path":"\/inc\/web\/inpay.inc.php","checksum":"53b1a86f34fa4ea38951fba756e682f9"},{"path":"\/inc\/web\/insms.inc.php","checksum":"b7b1443353a0f652e41a66bde4859e34"},{"path":"\/inc\/web\/intabelset.inc.php","checksum":"b92162c2c85666c909f2459fb72cf6af"},{"path":"\/inc\/web\/integral.inc.php","checksum":"708ce28d0f639c688d0307ccf27d1e59"},{"path":"\/inc\/web\/intx.inc.php","checksum":"2769c10c547ec4d882437c3b715f3ed1"},{"path":"\/inc\/web\/intxlist.inc.php","checksum":"54b46d21c9aedaa5abe5333909b0ae9b"},{"path":"\/inc\/web\/inuser.inc.php","checksum":"14d4089a0a79c4dc4975779ab6bc8aa7"},{"path":"\/inc\/web\/inuserorder.inc.php","checksum":"6fe47ba38782d6147116c84e99383f4d"},{"path":"\/inc\/web\/inydorder.inc.php","checksum":"ce7e270591bb2ad11a91d72b3f26b16e"},{"path":"\/inc\/web\/inydorderinfo.inc.php","checksum":"a11c67461f415d6c31e4f21bdf136f87"},{"path":"\/inc\/web\/jfgoods.inc.php","checksum":"b80b3154028096e8cedd6653bac6b673"},{"path":"\/inc\/web\/jfsz.inc.php","checksum":"87550e725f4e896874b3fe6bd09e23da"},{"path":"\/inc\/web\/jftype.inc.php","checksum":"dc726e1228a2a0fc958c9a0cc07182cb"},{"path":"\/inc\/web\/kfw.inc.php","checksum":"6139b93e45a090410d6a21900ae37bdf"},{"path":"\/inc\/web\/kfwset.inc.php","checksum":"ab4774897a6e0c29a58b1b0f76b87488"},{"path":"\/inc\/web\/laoz.inc.php","checksum":"5acd455b9f790d78ac567a3f61da29a9"},{"path":"\/inc\/web\/llz.inc.php","checksum":"2fac94fcaa6b3cf0408ed861a945a188"},{"path":"\/inc\/web\/lqnumber.inc.php","checksum":"dc6c6cc4e37b280456f958e62754e625"},{"path":"\/inc\/web\/mail.inc.php","checksum":"c2396dc657517890c66e95bc7058e615"},{"path":"\/inc\/web\/message.inc.php","checksum":"31dee9c5336adfd32a4feda0d86ba87e"},{"path":"\/inc\/web\/messagelist.inc.php","checksum":"8b66f0ec9dbd5fcd2c030ea5be0d77c2"},{"path":"\/inc\/web\/modify.inc.php","checksum":"eb432f85b65e444347afaacf816f30a5"},{"path":"\/inc\/web\/mt.inc.php","checksum":"475f757db63a09fe0e7d67f80e7f2d14"},{"path":"\/inc\/web\/nav.inc.php","checksum":"aae6371fd88f3a5b2350fb7c73e90343"},{"path":"\/inc\/web\/number.inc.php","checksum":"11668f0baacc18e05411cf19c00ae092"},{"path":"\/inc\/web\/numbertype.inc.php","checksum":"71a0a1339ea6a6e73a3d51f2601b9485"},{"path":"\/inc\/web\/order.inc.php","checksum":"73a23242d996b93de37e62463c561475"},{"path":"\/inc\/web\/orderinfo.inc.php","checksum":"0db3521f2523197348ff2348fc3a64af"},{"path":"\/inc\/web\/pay.inc.php","checksum":"1b51440d55b4e341181c2b6367c7e3ed"},{"path":"\/inc\/web\/peisongset.inc.php","checksum":"43696c217fb4cc7b7a682f9b513df178"},{"path":"\/inc\/web\/peiz.inc.php","checksum":"cf09f36b2a04a8c2bb8e3987d2a7b70a"},{"path":"\/inc\/web\/phpexcelreader\/oleread.inc","checksum":"100d8c8050ea91a65c15702f3fd1f9a1"},{"path":"\/inc\/web\/phpexcelreader\/reader.php","checksum":"bc2f9b1df06ec4edeaf97e7be1368759"},{"path":"\/inc\/web\/powers.inc.php","checksum":"1285eeb6968fa0b5ebb75212053e3068"},{"path":"\/inc\/web\/print.inc.php","checksum":"5d7d541901617ce8bbb78a88f3bc83f4"},{"path":"\/inc\/web\/printlabel.inc.php","checksum":"3a9a8f531dd34f583da1a094a5a733b1"},{"path":"\/inc\/web\/printset.inc.php","checksum":"7d6f2eb8277e171b16833b95250c4f61"},{"path":"\/inc\/web\/psmoney.inc.php","checksum":"f341493e7a6eb5d518dede8acdf92717"},{"path":"\/inc\/web\/ptzjlist.inc.php","checksum":"e4c6308f712b1ed5f52a6f6ed7b3fe99"},{"path":"\/inc\/web\/qggoodall.inc.php","checksum":"18856851e28d5ff824ed218c60bbcf38"},{"path":"\/inc\/web\/qggoods.inc.php","checksum":"762e6c1bd3538080bcd8b6c35be7ed7a"},{"path":"\/inc\/web\/qgorder.inc.php","checksum":"7bc87720f7ee1b0a5b6cfe299e5df42c"},{"path":"\/inc\/web\/qgorderall.inc.php","checksum":"596ef29db9cb11e469c4f2117a0c948a"},{"path":"\/inc\/web\/qgzjlist.inc.php","checksum":"0b70e579bdfd28e43b3f09bffc25021b"},{"path":"\/inc\/web\/receivelist.inc.php","checksum":"5a5c331db2acbdefd8cc04a33f9ac32f"},{"path":"\/inc\/web\/reservation.inc.php","checksum":"4f34b6177447071317a4c28d6bbf36ea"},{"path":"\/inc\/web\/rrset.inc.php","checksum":"c7620cdc7dc890b22bf807d0d7b376f3"},{"path":"\/inc\/web\/rushtype.inc.php","checksum":"e346a7815bdd9653dc138022cdba2eac"},{"path":"\/inc\/web\/ruzhu.inc.php","checksum":"a4b1ca8877b0f9a15ad9744df6f5420c"},{"path":"\/inc\/web\/ruzhuinfo.inc.php","checksum":"7f404a60dc40592abe8e654bb9268972"},{"path":"\/inc\/web\/ruzhusz.inc.php","checksum":"1dfca217110b4a3b1f00f0de5cc53346"},{"path":"\/inc\/web\/ruzhuxy.inc.php","checksum":"49ac16f88631300598df1741d728dea8"},{"path":"\/inc\/web\/rzcheck.inc.php","checksum":"b5f4f126295eebc3a92e3aee7ebfc251"},{"path":"\/inc\/web\/rzcheckinfo.inc.php","checksum":"b47529083e69597da28747016d65183d"},{"path":"\/inc\/web\/rzqx.inc.php","checksum":"a0b5d020518e011f06b08f020163f202"},{"path":"\/inc\/web\/rzset.inc.php","checksum":"75682353f3d2c45d496842402a166734"},{"path":"\/inc\/web\/selleranaly.inc.php","checksum":"fff3542016b9a2a047b7d2957d0389ea"},{"path":"\/inc\/web\/service.inc.php","checksum":"77e43f23d2d56c2eec2bda2bdd2df9d0"},{"path":"\/inc\/web\/servicepay.inc.php","checksum":"f9472427097f23a9b9e56ea74db9fa90"},{"path":"\/inc\/web\/settings.inc.php","checksum":"5bb0a742067a118d6f177946ca7ce40b"},{"path":"\/inc\/web\/sms.inc.php","checksum":"05a22838ae3970703f5b21841cfa2a97"},{"path":"\/inc\/web\/spec.inc.php","checksum":"b8559e5864d58cc6950c11498ce3f475"},{"path":"\/inc\/web\/sss.inc.php","checksum":"53645f1f249c34a9e007615d945dbba2"},{"path":"\/inc\/web\/start.inc.php","checksum":"a53939418210141fdf137870b6730b96"},{"path":"\/inc\/web\/statistics.inc.php","checksum":"fff3542016b9a2a047b7d2957d0389ea"},{"path":"\/inc\/web\/store.inc.php","checksum":"891ba3936f137a6c248c39ccffcf8942"},{"path":"\/inc\/web\/storead.inc.php","checksum":"d6e67b32bab56fd129a3ce1b7a78e3d8"},{"path":"\/inc\/web\/storeinfo.inc.php","checksum":"d47a346e5ad98fc9dab76e73ebb86255"},{"path":"\/inc\/web\/storetype.inc.php","checksum":"70cbd6ae919e87188e974efbf586f68e"},{"path":"\/inc\/web\/table.inc.php","checksum":"0b872417924307aa1f8cfd5786103f48"},{"path":"\/inc\/web\/tableorder.inc.php","checksum":"97ea494bc1549426c7b2b33c371d1a41"},{"path":"\/inc\/web\/tabletype.inc.php","checksum":"9eca591655c58ec0c889c7423af286db"},{"path":"\/inc\/web\/template.inc.php","checksum":"981e32f863d1159968ffda60138847cf"},{"path":"\/inc\/web\/test2.inc.php","checksum":"d0894a5cec26cc763952ecab400687f6"},{"path":"\/inc\/web\/txlist.inc.php","checksum":"1cfad5f81726119e5ae5ed33cd5aed34"},{"path":"\/inc\/web\/txsz.inc.php","checksum":"83b3017b6040fd509c287e3d9d9b19ad"},{"path":"\/inc\/web\/typead.inc.php","checksum":"8098453e6d0c04bc38da09974d53d257"},{"path":"\/inc\/web\/typeset.inc.php","checksum":"94044929e932b3f60e124d49e8f388a9"},{"path":"\/inc\/web\/user.inc.php","checksum":"911fe09da6fefd34e5c594e252e43236"},{"path":"\/inc\/web\/userjf.inc.php","checksum":"9b98d844ef39447cc86a6029eece893b"},{"path":"\/inc\/web\/userorder.inc.php","checksum":"269b881389872ba8a906e55df569db99"},{"path":"\/inc\/web\/userqb.inc.php","checksum":"f4500a8a7f22b664d2b8f3e6f841f8f1"},{"path":"\/inc\/web\/voucher.inc.php","checksum":"844e0a8aa0aa2cc3649089920467fc07"},{"path":"\/inc\/web\/wetemplate.inc.php","checksum":"3ff145f208f25b59212876ded9f40c60"},{"path":"\/inc\/web\/wxapplist.inc.php","checksum":"91fb99c6a85a189ae4fc4589673e1265"},{"path":"\/inc\/web\/ydorder.inc.php","checksum":"e6a10413ae1bd00a3c55fcae6799fa28"},{"path":"\/inc\/web\/ydorderinfo.inc.php","checksum":"fc948dd9128374ad35fa281a49214b39"},{"path":"\/inc\/web\/ygquan.inc.php","checksum":"4122615e9334daeed1ae06a2fa38a38d"},{"path":"\/inc\/web\/yingyetime.inc.php","checksum":"74547861412deb25edfd62267c6622f1"},{"path":"\/inc\/web\/yypay.inc.php","checksum":"9a41fed4a81b63bdba06fcddd3f82826"},{"path":"\/inc\/web\/yyset.inc.php","checksum":"74eacb71c8381e2763dee64645a87169"},{"path":"\/inc\/web\/yyzjlist.inc.php","checksum":"a7bf2fa2057fadefeca42539be819f21"},{"path":"\/inc\/web\/zjlist.inc.php","checksum":"8f22c16a93a1bce1668dbaefae2957f5"},{"path":"\/insert.php","checksum":"82f99e55d1ffb4c09c1f3f10321c4ce9"},{"path":"\/jpush\/.travis.yml","checksum":"aadc590c66bdd9a6d08a7201e72a725c"},{"path":"\/jpush\/autoload.php","checksum":"42ffae65d27f5cddd530e74b76319c6c"},{"path":"\/jpush\/composer.json","checksum":"ac743704f6d5ec8eb3769b966dae8996"},{"path":"\/jpush\/doc\/api.md","checksum":"da6f148987773d59a3a7a92688e05c43"},{"path":"\/jpush\/doc\/grouppush.md","checksum":"c665fa58dd2e0b982d759bfb3db09189"},{"path":"\/jpush\/doc\/http2.md","checksum":"f396afd56a03524e03bc9a58b50b110b"},{"path":"\/jpush\/examples\/admin_example.php","checksum":"e92586f8450d8075f617220661391977"},{"path":"\/jpush\/examples\/cid_example.php","checksum":"064a81c08882bb0ad559e3037e61d67d"},{"path":"\/jpush\/examples\/config.php.example","checksum":"aff313d30058a4aab65cbc5e42fda3d1"},{"path":"\/jpush\/examples\/devices\/delete_alias_example.php","checksum":"3df4ac2b99c62bb7d67a8eb8a2c7a4be"},{"path":"\/jpush\/examples\/devices\/delete_tag_example.php","checksum":"eab2c5ea2633c0c749b0a4f1b47b519e"},{"path":"\/jpush\/examples\/devices\/get_alias_devices_example.php","checksum":"2289cfc40f6b4636ec073e5ac66cf15b"},{"path":"\/jpush\/examples\/devices\/get_devices_example.php","checksum":"533432522595a8e15cd8735d8fc06da2"},{"path":"\/jpush\/examples\/devices\/get_devices_status_example.php","checksum":"8a57428b95e43268a005894d0bdee184"},{"path":"\/jpush\/examples\/devices\/get_tags_example.php","checksum":"c66da70b6de6361e8a3983db8d4e360a"},{"path":"\/jpush\/examples\/devices\/update_device_example.php","checksum":"5c8aaa88c17b2498b4b0d0ad7c9aa234"},{"path":"\/jpush\/examples\/devices\/update_tag_example.php","checksum":"e41adf7519cca3323f1ada43ad444b81"},{"path":"\/jpush\/examples\/grouppush_example.php","checksum":"2790bb1608ba30c2010247cd65d34d73"},{"path":"\/jpush\/examples\/huawei_push_example.php","checksum":"531beb12ebe0a8ce2860c6d92c701c4e"},{"path":"\/jpush\/examples\/push_example.php","checksum":"08b4283309e7f407ba9d8f0bbc511b97"},{"path":"\/jpush\/examples\/schedule_example.php","checksum":"b10690391afc43082cca1282553eaa22"},{"path":"\/jpush\/examples\/zone_examples.php","checksum":"7cd30190f2b5ce90d0e367f83707593c"},{"path":"\/jpush\/LICENSE","checksum":"bb53d6c87aa4079d4eb57a2c6a195950"},{"path":"\/jpush\/phpunit.xml.dist","checksum":"2faaf88a4b850e9427bd8696982cb137"},{"path":"\/jpush\/README.md","checksum":"aaa08143441bdc816e764189044e7b6f"},{"path":"\/jpush\/src\/JPush\/AdminClient.php","checksum":"ae61178da5feaa071e63e4c227ce7faa"},{"path":"\/jpush\/src\/JPush\/Client.php","checksum":"a458de3ea3d94a26f1d9e74461a5a6ef"},{"path":"\/jpush\/src\/JPush\/Config.php","checksum":"a48a869f5d2a571591b5ee8086049e54"},{"path":"\/jpush\/src\/JPush\/DevicePayload.php","checksum":"f699de4fa5d8d0d43cead0e24a9120b5"},{"path":"\/jpush\/src\/JPush\/Exceptions\/APIConnectionException.php","checksum":"60a52b712dd7dcbc6c3d65fa3ef4a9b1"},{"path":"\/jpush\/src\/JPush\/Exceptions\/APIRequestException.php","checksum":"5d2ff4786921b357d56be34fe9cf66dc"},{"path":"\/jpush\/src\/JPush\/Exceptions\/JPushException.php","checksum":"d110ca5b09af48cbabae575d216fb733"},{"path":"\/jpush\/src\/JPush\/Exceptions\/ServiceNotAvaliable.php","checksum":"ebe7db6ae742b7d6d5502ec3f1277898"},{"path":"\/jpush\/src\/JPush\/Http.php","checksum":"bd02a54c9fb8031523c8a4b0e7117a4d"},{"path":"\/jpush\/src\/JPush\/PushPayload.php","checksum":"0af0d8e2eea1558eda3afc3829199a50"},{"path":"\/jpush\/src\/JPush\/ReportPayload.php","checksum":"721ae3342d0d81c9c0451fc45cc96629"},{"path":"\/jpush\/src\/JPush\/SchedulePayload.php","checksum":"2c4a0c488112395d721d1626dca2d79b"},{"path":"\/jpush\/src\/JPush\/version.php","checksum":"b9f27a15dced88fcb9c574ea08b3c0e4"},{"path":"\/jpush\/tests\/bootstrap.php","checksum":"732f63172e0ab45c0d71bc46b46e1b5c"},{"path":"\/jpush\/tests\/JPush\/DevicePayloadTest.php","checksum":"ab4797aafc9724acc2c3f6466c636ba7"},{"path":"\/jpush\/tests\/JPush\/PushPayloadTest.php","checksum":"2e5ee7ad983c8c4e8ca5098e6bbf49e0"},{"path":"\/jpush\/tests\/JPush\/ReportPayloadTest.php","checksum":"6fd5a35ed061be8695f55f2c2a597a79"},{"path":"\/jpush\/tests\/JPush\/SchedulePayloadTest.php","checksum":"1a45c14e6e0cd0384d23237cead029c8"},{"path":"\/module.php","checksum":"a0e6606ee1d36bd6ae7b0ca105de3741"},{"path":"\/payment\/peisong\/notify.php","checksum":"f05d5a108e00386838bb0d61fbab3e8e"},{"path":"\/payment\/peisong\/notify2.php","checksum":"180ce358fa54c2d323dcf0a703e0499b"},{"path":"\/payment\/wechat\/LOG_DIR1111.log","checksum":"70156b85b1cc3e56646427a05dfe944c"},{"path":"\/payment\/wechat\/notify.php","checksum":"7c59040cadb3c9338f9f399f6158d8ba"},{"path":"\/peisong\/cjpt.php","checksum":"d1c8570f3f78ee9b4d420218ef4dcda5"},{"path":"\/peisong\/DadaOpenapi.php","checksum":"a522f56a29404a54320d0ef603122917"},{"path":"\/peisong\/KfwOpenapi.php","checksum":"3f8123fa3c1e5b733081a4a23c96abf7"},{"path":"\/peisong\/peisong.php","checksum":"0c8692d884693f7e022056a2fcad63c1"},{"path":"\/peisong\/SssOpenapi.php","checksum":"ce2067c9c95cc53d02d13e5a8bb28c7f"},{"path":"\/pkcs7Encoder.php","checksum":"3d12f98bb0d70c441f5e234262966734"},{"path":"\/preview.jpg","checksum":"f86509cba2b35ce361a40b80e3ad87a0"},{"path":"\/print\/dyj.php","checksum":"1cbbf9cf73d3b36ffc7fe18a29b8f8e8"},{"path":"\/print\/hcdyj.php","checksum":"b9e0151c8cd9d2aaf1d9133d93fb797d"},{"path":"\/print\/HttpClient.class.php","checksum":"d9fcfb631723ee9bd95dcab466b02324"},{"path":"\/print\/print.class.php","checksum":"40b31b94334ee2c6ce97e0d4b1129360"},{"path":"\/SignatureHelper.php","checksum":"750778fb30b665aa26c9d3c36cfaea6d"},{"path":"\/site.php","checksum":"999ec88716665fb543b52cce2e7f55e1"},{"path":"\/template\/images\/6.png","checksum":"547957d86835494e8417618c3a8bcc9d"},{"path":"\/template\/images\/add.png","checksum":"d000c48ecaca22041460b77c136798a6"},{"path":"\/template\/images\/bac.png","checksum":"72bf5370bc98041167451a5635a27c41"},{"path":"\/template\/images\/container_bg0.png","checksum":"d3dba0bf2f4356c5cc2e7d2547eb7f1d"},{"path":"\/template\/images\/cz.png","checksum":"dae072b96f33612404e5b1ff9d5496bc"},{"path":"\/template\/images\/dada.png","checksum":"d695f05614d5db2cd430164329bb2df7"},{"path":"\/template\/images\/daizhifu.png","checksum":"ae5e012e01a9acceba499cd651afff05"},{"path":"\/template\/images\/daoqi.png","checksum":"c8d7c1ee2f417565518d14006636d20f"},{"path":"\/template\/images\/dayin.png","checksum":"d6826d2d330a9e58f0d8f35c156994bf"},{"path":"\/template\/images\/dingdan.png","checksum":"45055c8e3f219cf233aeb870a540b931"},{"path":"\/template\/images\/dn.wav","checksum":"ecc4e729821d891cdd19816049b544c4"},{"path":"\/template\/images\/duanxin.png","checksum":"8c7c31622eda0b850ddbf0757a986981"},{"path":"\/template\/images\/duanxintongdao.png","checksum":"d5f4d07abea65af7cfe6b46ddfe6005f"},{"path":"\/template\/images\/duigoubai.png","checksum":"fb76ed221b53584525149234282a1d39"},{"path":"\/template\/images\/fdfs.png","checksum":"ee3009789e897763096345c9f37f8aec"},{"path":"\/template\/images\/gkdata1.png","checksum":"d808c4a49598a0846844448f729c9d86"},{"path":"\/template\/images\/gkdata2.png","checksum":"3a01c6f82c888ec1babdfe0613c8d1dd"},{"path":"\/template\/images\/gkdata3.png","checksum":"fedfdd56c7f7f645aa523787e651a194"},{"path":"\/template\/images\/gkdata4.png","checksum":"3099fc3fa8b5ba6a44ab780fe80f73ed"},{"path":"\/template\/images\/gkdata5.png","checksum":"c97181589907d9ac046f8183888cb0c7"},{"path":"\/template\/images\/gkdata6.png","checksum":"51e3d3829b4a62b6661c73e8665b4742"},{"path":"\/template\/images\/gkdata7.png","checksum":"1f5ac8fc6adf33dd3610395cd20efd4e"},{"path":"\/template\/images\/gou.png","checksum":"b800525dfdde65de4f119e6047cf22ec"},{"path":"\/template\/images\/guanggao.png","checksum":"84e132002d18c7a76a9c9a88b170f721"},{"path":"\/template\/images\/guanli.png","checksum":"1a03f44a5830fea103646083b714ae71"},{"path":"\/template\/images\/haixian.jpg","checksum":"2624dfb92c1adf063556a3ea8484cade"},{"path":"\/template\/images\/hdfk.png","checksum":"ea77a274d92cda7c42d72890264b8525"},{"path":"\/template\/images\/home.png","checksum":"7b01a01f1db87cb604232bf0c0b13365"},{"path":"\/template\/images\/ht.jpg","checksum":"56bc2d66fa35e60e626cf4ed1d164273"},{"path":"\/template\/images\/htlogo.png","checksum":"43405b65ffc5eeda673138464922a395"},{"path":"\/template\/images\/jf.png","checksum":"46c06865bae46a14eda7edaffa224320"},{"path":"\/template\/images\/jifen.png","checksum":"9e16bbcca09f471bf16217a95d4af925"},{"path":"\/template\/images\/juxing.png","checksum":"f5c1326d2c68e6d21cb8f5d9335f3fd7"},{"path":"\/template\/images\/kaiguan.png","checksum":"2b0143f312a5af9c1b5095809318f6d3"},{"path":"\/template\/images\/kuai.png","checksum":"ea83bb4c6f1b3cf8c1f915a066d11de7"},{"path":"\/template\/images\/laoz.png","checksum":"55cb69b672406cff203ef953984873ed"},{"path":"\/template\/images\/login_icon.png","checksum":"664566caafa0028bbe2f2ef392be3076"},{"path":"\/template\/images\/logo.png","checksum":"41447f0d0f9dc2572c5160659701403d"},{"path":"\/template\/images\/logo2.png","checksum":"39e9e1f338fd92ccc0fba8f07a9e0325"},{"path":"\/template\/images\/man.png","checksum":"e940a2a56b35998be20a26df852d2001"},{"path":"\/template\/images\/manjianhuodong.png","checksum":"b5d4d29192125351e9e2a648e94e5be0"},{"path":"\/template\/images\/mendian.png","checksum":"b38e4dab726e10b9ca00d9d5afc3fb26"},{"path":"\/template\/images\/miaosha.png","checksum":"e1e47b3cb9b22f8c4db2fcf220f41e9a"},{"path":"\/template\/images\/money1.png","checksum":"dad3b941f4d48cde12c3f6386c1e3179"},{"path":"\/template\/images\/money3.png","checksum":"14a8f567edce9741d5bee7044d6c6643"},{"path":"\/template\/images\/money4.png","checksum":"fd47bb4a552022cf73dabc30597724ac"},{"path":"\/template\/images\/money5.png","checksum":"eb3d78b3295bf0586a31459d27bb498f"},{"path":"\/template\/images\/money6.png","checksum":"41635769a94b1617ad29a0e0aecc9429"},{"path":"\/template\/images\/money7.png","checksum":"57707fd50bcf24c7bcee700b947630dc"},{"path":"\/template\/images\/money8.png","checksum":"dbadae3e94355a52248ef2b0d739e913"},{"path":"\/template\/images\/money9.png","checksum":"4a5d8dae36b25879825f2533b7e9dcbd"},{"path":"\/template\/images\/mt.png","checksum":"6e308b0e6499e1f42dc7eaef6a430228"},{"path":"\/template\/images\/none.png","checksum":"f244323aa9f24d190e3ea2a22550e1cc"},{"path":"\/template\/images\/none_data.png","checksum":"b484219fdf66594eef497e5230e044d9"},{"path":"\/template\/images\/noorder.png","checksum":"e7ac8a5090446c196f529becf27f0fd9"},{"path":"\/template\/images\/ordertel.png","checksum":"456eb4a4697a317f56044f77b0b8d8ac"},{"path":"\/template\/images\/phb.png","checksum":"973a0cbaf19f7897f77810fce2d9b957"},{"path":"\/template\/images\/qishou.png","checksum":"ffb3d6b6e9854b8e87b6f44022ff6cbe"},{"path":"\/template\/images\/quyu.png","checksum":"07616ebcbdffe41cfeece2b3a2600059"},{"path":"\/template\/images\/rr.png","checksum":"d82fd29c529150ef230aa21e41d7ede0"},{"path":"\/template\/images\/saoma.png","checksum":"e0b7001556de4de3112978b5431b98f2"},{"path":"\/template\/images\/seller_login_bg.jpg","checksum":"b80692ef359ac9baaf8963eb1095576f"},{"path":"\/template\/images\/shezhi.png","checksum":"c3ced0563e1c4740281376bdd72ff682"},{"path":"\/template\/images\/stick.gif","checksum":"06216d9b99dca13744b113974b700bfd"},{"path":"\/template\/images\/time.png","checksum":"43c1ff21170de8c9ca5cc0febd9a4b34"},{"path":"\/template\/images\/tixian.png","checksum":"2f14f9645c715b8a54c1f8906ec870de"},{"path":"\/template\/images\/tk.png","checksum":"48cd9829aefeca09416a0706bc7c8baa"},{"path":"\/template\/images\/tongzhi.png","checksum":"1447fa5e82282144d36347d939bf9c2c"},{"path":"\/template\/images\/ttrgd.png","checksum":"e5b4d61bc5090293558f36bc7004de1a"},{"path":"\/template\/images\/tuijian.png","checksum":"8bf45fe379021eeb5013ff8d5728c793"},{"path":"\/template\/images\/txt.png","checksum":"99e433cf8df305e8725f08f7b705e1d6"},{"path":"\/template\/images\/u11_state0.png","checksum":"53078966ea081ca5600c07837a3371f4"},{"path":"\/template\/images\/u270.png","checksum":"07cb3829c4091f06908e65efddc65ca6"},{"path":"\/template\/images\/user.png","checksum":"094b64aa30988afbbdedfbc9f6723ffa"},{"path":"\/template\/images\/uu.png","checksum":"e58c11e010554cacf4fa5c7d7767aae7"},{"path":"\/template\/images\/wm.wav","checksum":"ff91d22fcacef147520f3d35690c9256"},{"path":"\/template\/images\/wu.png","checksum":"087e05451e6c33ecb7b8e200a72bfb2e"},{"path":"\/template\/images\/wx.png","checksum":"7eddb4c2e01cc3f041c5c53979aea0f9"},{"path":"\/template\/images\/xia.png","checksum":"2fdd47698205e340d05693953944d969"},{"path":"\/template\/images\/xian.png","checksum":"66eb9e61dcd5a7e6bd1b485680484bee"},{"path":"\/template\/images\/xiaoshou.png","checksum":"b901fd06b5a65dbfde2d34360df0ecef"},{"path":"\/template\/images\/xingxing.png","checksum":"a273c45822ab3b7d4609095d72d5e53b"},{"path":"\/template\/images\/xinxi1.png","checksum":"f24a1f6d80253bcbc47a1137e1563fd7"},{"path":"\/template\/images\/xinxi2.png","checksum":"ef7ed852cfe197b80a83d0783f184f06"},{"path":"\/template\/images\/xinxi3.png","checksum":"8e1f4e0354aa5052edd20cd0a286a77e"},{"path":"\/template\/images\/xinxi4.png","checksum":"74dd0e47588cc76afabc060b3c4208b6"},{"path":"\/template\/images\/xitong.png","checksum":"8b600b83e37e8c59820cf342568a785a"},{"path":"\/template\/images\/ygrz.png","checksum":"14eee75777e80df3e4e2cd99eb1f30da"},{"path":"\/template\/images\/yizhifu.png","checksum":"39246d2e4f5fd2adace502353b5d22a6"},{"path":"\/template\/images\/youhuiquan.png","checksum":"0e1f267164ab63d70b5bfa012ca17bfb"},{"path":"\/template\/images\/yuan.png","checksum":"10647d468e504f9782a347623bae4864"},{"path":"\/template\/images\/yuanxing.png","checksum":"1defcbd174f485c23f4a0183d22f58a2"},{"path":"\/template\/images\/yue.png","checksum":"5deed9747f61a59e5f7a62c7e2d86ce6"},{"path":"\/template\/images\/yy.wav","checksum":"41d543fba339059e55303ed067af101b"},{"path":"\/template\/images\/zhekouquan.png","checksum":"f6cfcabc1807922deb4aa782a6dbb1cf"},{"path":"\/template\/images\/zu.png","checksum":"cdf1694617fa3c07585da3da26c08eb6"},{"path":"\/template\/public\/comhead.html","checksum":"777ff07f143cc9083f3130077461f163"},{"path":"\/template\/public\/common.html","checksum":"49548b7f828e70ecccef49a11b1d0488"},{"path":"\/template\/public\/echarts.min.js","checksum":"f583e43df05c8f9baaa5d6b687505cc8"},{"path":"\/template\/public\/footer-base.html","checksum":"bcdec5fe63abaf6c2054b890824cf8df"},{"path":"\/template\/public\/footer.html","checksum":"7a8c673dced142d4d427b00d7b0a22e3"},{"path":"\/template\/public\/header-base.html","checksum":"6095ad52881dfd4ac9a187a406459abf"},{"path":"\/template\/public\/header.html","checksum":"4f25c7b402932b53b59d8bd71e1c2539"},{"path":"\/template\/public\/highcharts.js","checksum":"58b9cdabd7e6355932f802f212425b1c"},{"path":"\/template\/public\/ygcss.css","checksum":"2c7dbc95fa1c29bb5280d76583344fda"},{"path":"\/template\/public\/ygcsslist.css","checksum":"8d7772c06d4dba37348b3d563bab4d67"},{"path":"\/template\/web\/account.html","checksum":"128789f43ab9a0b27c84134d2968f30f"},{"path":"\/template\/web\/ad.html","checksum":"ed1087a255d507e52d5a11b7be27def4"},{"path":"\/template\/web\/addad.html","checksum":"83fe1399992b3044bc2f966da2c57f40"},{"path":"\/template\/web\/addaddress.html","checksum":"d4ca84c73794eae1e027f111aa78452b"},{"path":"\/template\/web\/addadmin.html","checksum":"a89685a7a5e99a5769cf4e803bb6e69e"},{"path":"\/template\/web\/addarea.html","checksum":"a9d74fa92ce4fc94f09b53633ba243a4"},{"path":"\/template\/web\/addcoupons.html","checksum":"25c9781724a0b67bb87358252064693a"},{"path":"\/template\/web\/addcptj.html","checksum":"1dcfeebad30839bf0d8a1ba969520bd5"},{"path":"\/template\/web\/adddishes.html","checksum":"4f59b1449a6e03d82a565faa8a6187cf"},{"path":"\/template\/web\/adddishestype.html","checksum":"53363535c42183c5351d986abdb67f8e"},{"path":"\/template\/web\/addgroupgoods.html","checksum":"b2d4f42ffb28de315a241dd03503f31a"},{"path":"\/template\/web\/addgrouphx.html","checksum":"ea8165fb7eb37bdb34a92530a19efca7"},{"path":"\/template\/web\/addgrouptype.html","checksum":"2e781bc1ecb5aca53f1527da328a2d9f"},{"path":"\/template\/web\/addhyqx.html","checksum":"66eb8f69a2f4ff880610c0543b9f71fb"},{"path":"\/template\/web\/addjfgoods.html","checksum":"8d3a4e95deba6a19b586cb3fa0676119"},{"path":"\/template\/web\/addjftype.html","checksum":"fdc10e8d2be4c2e5c0b3d13f11a0d2a7"},{"path":"\/template\/web\/addllz.html","checksum":"069ede81262b0c1b4cb9d5ab64c7c3c5"},{"path":"\/template\/web\/addnav.html","checksum":"b243c80755c21541663ba19c1066b707"},{"path":"\/template\/web\/addnumbertype.html","checksum":"93c3525351c6161061505a1201f6ffb8"},{"path":"\/template\/web\/addprint.html","checksum":"40964d2b358059f6fb695ec5c242de02"},{"path":"\/template\/web\/addprintlabel.html","checksum":"88c71dc6baf778b88fc9a1aa8e7adc08"},{"path":"\/template\/web\/addpsmoney.html","checksum":"48d8d5d40c8f6d83241a68584eda7ed5"},{"path":"\/template\/web\/addqggoodall.html","checksum":"84b44ef47ecada30ec9439bc81016a1b"},{"path":"\/template\/web\/addqggoods.html","checksum":"320307e3a4b34b0071a2f572dbe5f96b"},{"path":"\/template\/web\/addreservation.html","checksum":"9f85676a877e051f4e016e642a35be78"},{"path":"\/template\/web\/address.html","checksum":"0f82415157f7486d26138b9738f45c59"},{"path":"\/template\/web\/addrushtype.html","checksum":"abc0a7f234c181916c890b661e005cee"},{"path":"\/template\/web\/addrzqx.html","checksum":"f932dcc6d1d4024374727dae180fa98e"},{"path":"\/template\/web\/addservice.html","checksum":"408027fc4bc176b4a1776a73f030898b"},{"path":"\/template\/web\/addsonservice.html","checksum":"7d8c009ee11bc72beb49af22daa80e04"},{"path":"\/template\/web\/addspec.html","checksum":"31435183d7303ab0be6e9b0741b9fa66"},{"path":"\/template\/web\/addstore.html","checksum":"e7cc676b4fc1258eac1a40819a6fec9a"},{"path":"\/template\/web\/addstoread.html","checksum":"f6708362b7c653e40e7c6400a56ed854"},{"path":"\/template\/web\/addstoretype.html","checksum":"8b9e21f900fb7e62a2d65527f8f3caf6"},{"path":"\/template\/web\/addtable.html","checksum":"ca81c6dd035a6c1c8644111ec68546ab"},{"path":"\/template\/web\/addtabletype.html","checksum":"40508bd2d8778b9e15f9cf248ad46fd3"},{"path":"\/template\/web\/addtypead.html","checksum":"49cbe44ea6465dd3089d24ce6eaf3636"},{"path":"\/template\/web\/addvoucher.html","checksum":"adbb630e264459faec4ad8662f2e5036"},{"path":"\/template\/web\/admin.html","checksum":"de4cb5c24b80815f2d8e732d0152f5d0"},{"path":"\/template\/web\/allgroupgoods.html","checksum":"8e8916077b29245e54f2b48872412906"},{"path":"\/template\/web\/allreservation.html","checksum":"1bc17dd68759c6cdb702a2f4838cfcec"},{"path":"\/template\/web\/analysis.html","checksum":"a29e1ebca83f42c79bdb669a6d99e7e8"},{"path":"\/template\/web\/area.html","checksum":"4c028a16d8a6b642e8ff21133efbf6c9"},{"path":"\/template\/web\/assess.html","checksum":"3c4b04e939a44740bd68fa6c635b7399"},{"path":"\/template\/web\/assessinfo.html","checksum":"83a955dca9b5a028088cee3d4b236945"},{"path":"\/template\/web\/banquanset.html","checksum":"50a16b273c8c826caa229f5620e3c150"},{"path":"\/template\/web\/batch.html","checksum":"19f5daf3e375232a017611f72ad2f390"},{"path":"\/template\/web\/call.html","checksum":"10f9040e5b5846852645abbbf6194a14"},{"path":"\/template\/web\/calllog.html","checksum":"503b28f2293c8bfb0abdf0e7a8dd411e"},{"path":"\/template\/web\/chongzhi.html","checksum":"455d2a97678dd66d0f26406949471b45"},{"path":"\/template\/web\/comment.html","checksum":"60ede0ea873eba9b792d5b1a17b59f89"},{"path":"\/template\/web\/countadd.html","checksum":"88d3ffe818ce1af95cd9b4af8611c59e"},{"path":"\/template\/web\/coupons.html","checksum":"b94159c05643fb9a5986e5c9cacea22d"},{"path":"\/template\/web\/couponset.html","checksum":"94ba4c752329cddd37424565c3266066"},{"path":"\/template\/web\/cptj.html","checksum":"ced1648ad9e93e8ef18e0bd4f2913dca"},{"path":"\/template\/web\/czjl.html","checksum":"66978264f7ace71a11a227bcf99c08e1"},{"path":"\/template\/web\/czsz.html","checksum":"72ecc3aeb16925fb392826aa0f9fc770"},{"path":"\/template\/web\/dada.html","checksum":"636fbabb5a04b78f819998df3025f1c9"},{"path":"\/template\/web\/dasettings.html","checksum":"add90edb58033af2491e58d34cd28ff8"},{"path":"\/template\/web\/dishes2.html","checksum":"f806722a89de1a7ee39f09ec3ae06901"},{"path":"\/template\/web\/dishestype.html","checksum":"6869b75ed1dccbd50f747d366e01265e"},{"path":"\/template\/web\/dispatch.html","checksum":"e2deb62724862a4b9a47cccb81db78db"},{"path":"\/template\/web\/dlaccount.html","checksum":"c0c8d4ced2e34b572d3fc95bcf708a7e"},{"path":"\/template\/web\/dladdaccount.html","checksum":"7326fada2bef03cf38bc76ffd351fc25"},{"path":"\/template\/web\/dladdcoupons.html","checksum":"c3f7a5d2b9e996fbd67640d51c338aca"},{"path":"\/template\/web\/dladddishes.html","checksum":"d8e0c4c9e7b1ab19260431ccb1d0e15f"},{"path":"\/template\/web\/dladddishestype.html","checksum":"b78f3e40f6835722c1b6568ef2856f4b"},{"path":"\/template\/web\/dladdgroupgoods.html","checksum":"7dde766e95ca098fa30e8ff990be27e1"},{"path":"\/template\/web\/dladdgrouphx.html","checksum":"c2a868fe8e103b5f62280b3668bbea25"},{"path":"\/template\/web\/dladdnumbertype.html","checksum":"0800225f2ff850db87376b8b7712e718"},{"path":"\/template\/web\/dladdprint.html","checksum":"630060e2b85bcb3eaef26ba464dddecc"},{"path":"\/template\/web\/dladdprintlabel.html","checksum":"6fcc1284a9a4a29a52948d0ee7c30171"},{"path":"\/template\/web\/dladdpsmoney.html","checksum":"2f8311694fb696edb38e41851290d711"},{"path":"\/template\/web\/dladdqggoods.html","checksum":"d3a2068aa83142ae7fe748a6de1cc84f"},{"path":"\/template\/web\/dladdreservation.html","checksum":"0aad35e7c9b8bc00c424cab0410d9ee4"},{"path":"\/template\/web\/dladdservice.html","checksum":"a834a656a9fcf42855f40df62a7d08a1"},{"path":"\/template\/web\/dladdsonservice.html","checksum":"c893e8c4f583a20dfbe54a2cf52d7b17"},{"path":"\/template\/web\/dladdspec.html","checksum":"57bbbffefce12dcbec903750ad338c05"},{"path":"\/template\/web\/dladdstoread.html","checksum":"4a8e1918486300246dc4390824b26d32"},{"path":"\/template\/web\/dladdtable.html","checksum":"8056f436505a7439a544286e4642222e"},{"path":"\/template\/web\/dladdtabletype.html","checksum":"558c15ce5b2b01df6b428f8c07a49f4a"},{"path":"\/template\/web\/dladdvoucher.html","checksum":"ccaf55f886291089ed7c7648f73239d6"},{"path":"\/template\/web\/dlallreservation.html","checksum":"b5243f55f32f8e9ee664aab9eb561b5c"},{"path":"\/template\/web\/dlbatch.html","checksum":"600f02837dc766994e9a2abcfb24200d"},{"path":"\/template\/web\/dlcall.html","checksum":"aceb491efb7de821ee17af6ce16f89f8"},{"path":"\/template\/web\/dlcalllog.html","checksum":"98c5e5239e42aa8b7b8a6d7741d5c96b"},{"path":"\/template\/web\/dlcomment.html","checksum":"92ce9d47a31bf8c760f9b4f6b1858031"},{"path":"\/template\/web\/dlcoupons.html","checksum":"8b30bd98e2bb23c8cc4728d2bc01ea94"},{"path":"\/template\/web\/dldada.html","checksum":"636fbabb5a04b78f819998df3025f1c9"},{"path":"\/template\/web\/dldishes2.html","checksum":"fc561a97aeffdcf42a939ce53d8c5f6d"},{"path":"\/template\/web\/dldishestype.html","checksum":"6b6fc42cf5efc64f2b94ef8b9088125e"},{"path":"\/template\/web\/dldmzjlist.html","checksum":"a527d69dc3337ede2b2b8691754bbf6b"},{"path":"\/template\/web\/dldnzjlist.html","checksum":"f7ddf30c51398ba48e1b1960cade7bf3"},{"path":"\/template\/web\/dlfinance.html","checksum":"9dea08968e4753b536a1d024eac56f74"},{"path":"\/template\/web\/dlgoodrank.html","checksum":"f8405ea527a90c8c1d843ec29251bb95"},{"path":"\/template\/web\/dlgroup.html","checksum":"e42594bdf0dba40dfc9dca32fab37f4e"},{"path":"\/template\/web\/dlgroupgoods.html","checksum":"94d8959c91eef03f045ebb16bb6b1660"},{"path":"\/template\/web\/dlgrouphx.html","checksum":"4950992510e583c939964842dcfccdba"},{"path":"\/template\/web\/dlgrouporder.html","checksum":"b54385737d1ef59776d9d3db0dc1958c"},{"path":"\/template\/web\/dlgrouporderinfo.html","checksum":"3960fee6ef3016b0148a2031415cbe46"},{"path":"\/template\/web\/dlgroupteam.html","checksum":"27b207a4773ce6f0c7f3164cbd1d16a6"},{"path":"\/template\/web\/dlinaddcoupons.html","checksum":"a2269538c5ffe03ed12f7d7b585a46ff"},{"path":"\/template\/web\/dlincoupons.html","checksum":"f531b01723078710f94b122870997ba4"},{"path":"\/template\/web\/dlindex.html","checksum":"e78b9529519f5142a02da331d1fa5191"},{"path":"\/template\/web\/dlindmorder.html","checksum":"0f70ee2496da0285b22dc633dd452d72"},{"path":"\/template\/web\/dlindnorder.html","checksum":"2fd1ae5f81e51543287e75c512afa578"},{"path":"\/template\/web\/dlindnorderinfo.html","checksum":"c6cc3f783ac819b4c7dc9bbe04c0fe37"},{"path":"\/template\/web\/dlinjfset.html","checksum":"f48c8f720064dc61e756a37ac7a29d30"},{"path":"\/template\/web\/dlinjian.html","checksum":"3bd64042dd7aa477460fafebd5056f7b"},{"path":"\/template\/web\/dlinjianadd.html","checksum":"f8b05f1a574fa34956f1abb138350dd5"},{"path":"\/template\/web\/dlinorder.html","checksum":"237e3d722fb995abf6f16dca3fd8d0c3"},{"path":"\/template\/web\/dlinorderinfo.html","checksum":"c63d90d1b9c64c68dc702ce46ef386de"},{"path":"\/template\/web\/dlinpay.html","checksum":"ff903d255f991c3974c82ed93eb5ceef"},{"path":"\/template\/web\/dlinsms.html","checksum":"3b58cec1394c8112899b454d00d0fc35"},{"path":"\/template\/web\/dlintabelset.html","checksum":"56a7e0e38da53ef07a8c0f848bed97aa"},{"path":"\/template\/web\/dlintx.html","checksum":"6fdfe2cbefed114fcab6be7f36e59679"},{"path":"\/template\/web\/dlintxlist.html","checksum":"e9e62ca816358e10143ee3f777276535"},{"path":"\/template\/web\/dlinuser.html","checksum":"268c469479203bc9239e3fe1b54514a2"},{"path":"\/template\/web\/dlinuserorder.html","checksum":"0e75d1de1f9e5a4b83589d82ef35f48b"},{"path":"\/template\/web\/dlinydorder.html","checksum":"729884fe3935c40aca969f88e9e66fe3"},{"path":"\/template\/web\/dlinydorderinfo.html","checksum":"f5a437e543e4f5882226eefdc219ff96"},{"path":"\/template\/web\/dlkfwset.html","checksum":"f8190625311b46aeed57844b029a25bf"},{"path":"\/template\/web\/dllaoz.html","checksum":"dc4ee71eeb8fa8c872d862b353df94c0"},{"path":"\/template\/web\/dllqnumber.html","checksum":"e99aaa8e4a937d88ab9a61b72d36171f"},{"path":"\/template\/web\/dlmt.html","checksum":"222e20226c43d1792a8add26a4c8b02b"},{"path":"\/template\/web\/dlnumber.html","checksum":"ab4f6c13a3ef35b9b4622e7c12dcf0f0"},{"path":"\/template\/web\/dlnumbertype.html","checksum":"dc039b12932b848f2bfd7c21737d877f"},{"path":"\/template\/web\/dlpeisongset.html","checksum":"6065d3e350ed77f8b7c54a683c49ac10"},{"path":"\/template\/web\/dlprint.html","checksum":"3d91184f9fda09824ea5040c42ce4f34"},{"path":"\/template\/web\/dlprintlabel.html","checksum":"e9b2216e8f6549a0719445c0656f23ef"},{"path":"\/template\/web\/dlprintset.html","checksum":"52bf3cb6e06737de02d758088297faac"},{"path":"\/template\/web\/dlpsmoney.html","checksum":"a164def9550b60a74427ea18bbd0f13b"},{"path":"\/template\/web\/dlptzjlist.html","checksum":"7d3e22f1048651eb4e1529e3e03eb458"},{"path":"\/template\/web\/dlqggoods.html","checksum":"751d9c9aba583b057acc981fb98565d0"},{"path":"\/template\/web\/dlqgorder.html","checksum":"d31caf0c66905ff59804a57e98ca9f9f"},{"path":"\/template\/web\/dlqgzjlist.html","checksum":"01652bbaa8b9339c650de09101ebb4ca"},{"path":"\/template\/web\/dlreservation.html","checksum":"1f471fd6d73a802d41239ee843ef9c61"},{"path":"\/template\/web\/dlrrset.html","checksum":"4952309a4995f320ca3e033b376dccab"},{"path":"\/template\/web\/dlservice.html","checksum":"0af67511f946b2f7e2636c9d9f4ec988"},{"path":"\/template\/web\/dlspec.html","checksum":"81109c68d5d05c1e386abcd4aa0188b2"},{"path":"\/template\/web\/dlstoread.html","checksum":"2b622b6c099adba6e5a6c2156449e101"},{"path":"\/template\/web\/dlstoreindex.html","checksum":"bdbfacba271fafceaf3bc8f3c721c0f8"},{"path":"\/template\/web\/dlstoreinfo.html","checksum":"334af52ba56d9541495b085425dff367"},{"path":"\/template\/web\/dltable2.html","checksum":"c67971cf10ec57ddf6fda4530a39b5a6"},{"path":"\/template\/web\/dltableorder.html","checksum":"00e8eef5f1b2e2e8d2d9583e65559bd7"},{"path":"\/template\/web\/dltabletype2.html","checksum":"0cf977835d3ebb1588a5ace43c80fba3"},{"path":"\/template\/web\/dluuset.html","checksum":"5e503a459e4bd6c441008d6af18f0a5b"},{"path":"\/template\/web\/dlvoucher.html","checksum":"341007dcc79332589eb8b8050da6fa64"},{"path":"\/template\/web\/dlygquan.html","checksum":"ce8f355135533d2ff5e86fe47366fe1e"},{"path":"\/template\/web\/dlyingyetime.html","checksum":"fb4a5c8f11795b756dc439b53ef76061"},{"path":"\/template\/web\/dlyyset.html","checksum":"1a0339ee39487b5057b6f3cd89704f8d"},{"path":"\/template\/web\/dlyyzjlist.html","checksum":"b9c6390a3ccb4ef32689e5d73c8e7108"},{"path":"\/template\/web\/dlzjlist.html","checksum":"7afa77b8b402e5a1326a05458ff9944c"},{"path":"\/template\/web\/dmorder.html","checksum":"cb52da5b565b7b4d5dd330e9d3aef6e6"},{"path":"\/template\/web\/dmzjlist.html","checksum":"3d79a9f9859f9f778cc3f529115b21cc"},{"path":"\/template\/web\/dnorder.html","checksum":"d443aa44bc74cc2417bc269e82912a38"},{"path":"\/template\/web\/dnorderinfo.html","checksum":"b42f419f174a6b79c7cdfc0033a91bc7"},{"path":"\/template\/web\/dnzjlist.html","checksum":"93cb2cf9eb6e7acf02e946e789235b15"},{"path":"\/template\/web\/finance.html","checksum":"eeed293aef0659f7fece39186dc56203"},{"path":"\/template\/web\/fxlist.html","checksum":"033d6a61cfbe69ee47c8d01b7a58e2ee"},{"path":"\/template\/web\/fxorder.html","checksum":"e1fd54dc9252f8b1ededdc51d94060db"},{"path":"\/template\/web\/fxset.html","checksum":"7c66f226be73231097105e617e6aa7ac"},{"path":"\/template\/web\/fxtx.html","checksum":"e5360e1dc40309183bea557838bc42bf"},{"path":"\/template\/web\/gaikuangdata.html","checksum":"2b8812ecc617454ff2b579ed1727f064"},{"path":"\/template\/web\/goodrank.html","checksum":"5c25430fe9ba1b7b7b955d0ce0a95ace"},{"path":"\/template\/web\/group.html","checksum":"9dd59af5544f2082233c3ebe200e8c35"},{"path":"\/template\/web\/groupgoods.html","checksum":"9e5210c19a86296c7f82cfa49f5c78e5"},{"path":"\/template\/web\/groupgoodsInfo.html","checksum":"a7b2d59034a2ecad284e1b5fed31cef6"},{"path":"\/template\/web\/grouphx.html","checksum":"04a9ffeb0fb08ae0f12e2f7fcd309c62"},{"path":"\/template\/web\/grouporder.html","checksum":"8f33722363748d5ada558f90c01184a8"},{"path":"\/template\/web\/grouporderinfo.html","checksum":"661d1849cb91b8203cfa84c50fbf6c80"},{"path":"\/template\/web\/groupteam.html","checksum":"dd185cf7316b6d91d0855cab4ce98aa2"},{"path":"\/template\/web\/grouptype.html","checksum":"1aa88b10581e236d119d932bfa911ab8"},{"path":"\/template\/web\/heli.html","checksum":"450aeef54d6e9288dafb11db958b0516"},{"path":"\/template\/web\/help.html","checksum":"4b263ec945322ce8193a1b76ff4744b6"},{"path":"\/template\/web\/hyaddcoupons.html","checksum":"bc845b5d1d52cd4088e718f188717a26"},{"path":"\/template\/web\/hycoupons.html","checksum":"e4c08a0b62ad18cf4de15210c114a69f"},{"path":"\/template\/web\/hyorder.html","checksum":"789b04a10370a6e8fc842c8503080eff"},{"path":"\/template\/web\/hyqx.html","checksum":"c39444a01bdab3e9b365e6274a5869bb"},{"path":"\/template\/web\/hyset.html","checksum":"075d3f8fd50a9db131bf52b9874ec412"},{"path":"\/template\/web\/hyuser.html","checksum":"41baabd2f52bbbca0f762f1c0161c94a"},{"path":"\/template\/web\/hyuserjf.html","checksum":"02208498ebe797270ac1bf75a149cfaf"},{"path":"\/template\/web\/hyuserqb.html","checksum":"4196fee3509d0ae4e56b459e37f08efe"},{"path":"\/template\/web\/inaddcoupons.html","checksum":"42d9fead240dc3529cec250cf683aca8"},{"path":"\/template\/web\/incoupons.html","checksum":"0a746105a44840fbaccd5d09424ef6ea"},{"path":"\/template\/web\/index.html","checksum":"a7f6879abe0d493876e01e82f94794b6"},{"path":"\/template\/web\/indmorder.html","checksum":"8c41ac998dede4618877468ed916fcc8"},{"path":"\/template\/web\/indnorder.html","checksum":"e7260097c4143fe7403a1a55aaf2f7e8"},{"path":"\/template\/web\/indnorderinfo.html","checksum":"61b09107dbbe4b5617e5da46e8f74974"},{"path":"\/template\/web\/injfset.html","checksum":"89a233aadc8b76e9ec393a6dc18b7424"},{"path":"\/template\/web\/injian.html","checksum":"a2c83c56e6bcbb9fea4791d6ddb8f6ca"},{"path":"\/template\/web\/injianadd.html","checksum":"abd3d5625d86027cee150926e4323bfa"},{"path":"\/template\/web\/inorder.html","checksum":"9f3e804af70451fd8e4283cf2534df48"},{"path":"\/template\/web\/inorderinfo.html","checksum":"9568ab7d1699073c547e457f0c19bd0b"},{"path":"\/template\/web\/inpay.html","checksum":"43af017977d5b50ea1ef53665ae38d12"},{"path":"\/template\/web\/insms.html","checksum":"e65b84983db366e65ffbf9cf7f3abc00"},{"path":"\/template\/web\/intabelset.html","checksum":"f6b26f5248718786d5f3de7a549b8513"},{"path":"\/template\/web\/integral.html","checksum":"868f237c46f7f97553bb599f10a56dca"},{"path":"\/template\/web\/intx.html","checksum":"359f31762c2dc37c678f0370c080877b"},{"path":"\/template\/web\/intxlist.html","checksum":"a928c1137877c28ca50c7d8dcd80a476"},{"path":"\/template\/web\/inuser.html","checksum":"cc1ca61519cb3be377b1bb3383aac595"},{"path":"\/template\/web\/inuserorder.html","checksum":"fd7b8609d1cec524a0a42c91177542c0"},{"path":"\/template\/web\/inydorder.html","checksum":"8e2c537a5cb06834690a794f7168489e"},{"path":"\/template\/web\/inydorderinfo.html","checksum":"d2cd69ad0ad035bd01fd70aae6576125"},{"path":"\/template\/web\/jfgoods.html","checksum":"f20bce6783bc2d74bc0159451b031850"},{"path":"\/template\/web\/jfsz.html","checksum":"94175fc195bb929bccadc8ba7ce03400"},{"path":"\/template\/web\/jftype.html","checksum":"6c831e9327a5052018512d74417fe0be"},{"path":"\/template\/web\/kfw.html","checksum":"646e3b1a08502533a5d3301f862eec93"},{"path":"\/template\/web\/kfwset.html","checksum":"f8190625311b46aeed57844b029a25bf"},{"path":"\/template\/web\/laoz.html","checksum":"c487565bae2294d52983eba714a8d945"},{"path":"\/template\/web\/llz.html","checksum":"f5af9563ef624d889d812a93c5d107fd"},{"path":"\/template\/web\/lqnumber.html","checksum":"e972da28565e47db96dc0f1b826cc729"},{"path":"\/template\/web\/mail.html","checksum":"d6d5741ccf5054f4756e844204c895da"},{"path":"\/template\/web\/message.html","checksum":"ae13db3ef950b9b80485e321a6666893"},{"path":"\/template\/web\/messagelist.html","checksum":"9c4c77f0ad6defb9f1ae334a4be5b32a"},{"path":"\/template\/web\/modify.html","checksum":"ce0ee57dd2bc6c7ed0401189a64ec14f"},{"path":"\/template\/web\/mt.html","checksum":"9e1918b1bee3f1a70a39ad3704d00517"},{"path":"\/template\/web\/nav.html","checksum":"2da5a1f0a4e572c3b253ba75d672bd05"},{"path":"\/template\/web\/number.html","checksum":"ddaa3cfc1adec2249b70b9e35c971171"},{"path":"\/template\/web\/numbertype.html","checksum":"59171c75deeb6c78d32aab5e49cacb23"},{"path":"\/template\/web\/order.html","checksum":"8c98999972e7f8c492d9fd7a5d956f1e"},{"path":"\/template\/web\/orderinfo.html","checksum":"38a9b3aa53a1e8a187107f0618185d6d"},{"path":"\/template\/web\/pay.html","checksum":"df63083026dc003ecf34cf00577c2f90"},{"path":"\/template\/web\/peisongset.html","checksum":"775babe51cb6e8829b7694807aad986e"},{"path":"\/template\/web\/peiz.html","checksum":"22533d980a79584d887ca2904d9fd476"},{"path":"\/template\/web\/powers.html","checksum":"4ac29707cdeff624ef862a5ca87153e8"},{"path":"\/template\/web\/print.html","checksum":"cfa80a4011af6cc02c836b52b03eb71a"},{"path":"\/template\/web\/printlabel.html","checksum":"5791ae804e09774d36994435bc4a9c7b"},{"path":"\/template\/web\/printset.html","checksum":"52bf3cb6e06737de02d758088297faac"},{"path":"\/template\/web\/psmoney.html","checksum":"7d3db5c66df749c8041c79b01c5f8214"},{"path":"\/template\/web\/ptzjlist.html","checksum":"de27671808326ebd7c35bfa7efceb148"},{"path":"\/template\/web\/qggoodall.html","checksum":"ff3257730a1e609874e0d8f1adcb8038"},{"path":"\/template\/web\/qggoods.html","checksum":"39b5508986c0f3d3925a5aa7a061e527"},{"path":"\/template\/web\/qgorder.html","checksum":"9f0a38affead98d75c244b48c1404fa3"},{"path":"\/template\/web\/qgorderall.html","checksum":"7c98d2f5451d146ffd69aa3c72bfba48"},{"path":"\/template\/web\/qgzjlist.html","checksum":"9001b712cec60e2871aac06a88ee60c9"},{"path":"\/template\/web\/receivelist.html","checksum":"7b2662ec5ef97d3d7e1c32aabaa2d7ef"},{"path":"\/template\/web\/reservation.html","checksum":"eb238996c2da0eef47f41eb66c495264"},{"path":"\/template\/web\/rrset.html","checksum":"d3f5d2da9eba65607d7407d9ddee593b"},{"path":"\/template\/web\/rushtype.html","checksum":"a3a060a37c489779c3fd3646bcbc2775"},{"path":"\/template\/web\/ruzhu.html","checksum":"54700becbfbabe8f24b0f8a4a5864f04"},{"path":"\/template\/web\/ruzhuinfo.html","checksum":"fd1bc88876ecc0996ffe94dbb4e3c923"},{"path":"\/template\/web\/ruzhusz.html","checksum":"6c6aa707939f7e18af4e683d40076691"},{"path":"\/template\/web\/ruzhuxy.html","checksum":"a4f3daf04c83ecf584bc11b942605767"},{"path":"\/template\/web\/rzcheck.html","checksum":"5dd92c5e89d408d6f42e950d286729d7"},{"path":"\/template\/web\/rzcheckinfo.html","checksum":"a87e1e1d41cf87a432816df166d444f3"},{"path":"\/template\/web\/rzqx.html","checksum":"eb178b147a92d5c24e0526883d611334"},{"path":"\/template\/web\/rzset.html","checksum":"aa786c679a8f364f2bf74d5f4d9ba018"},{"path":"\/template\/web\/selleranaly.html","checksum":"e713c66df3b9be672a10695c5083d8d3"},{"path":"\/template\/web\/service.html","checksum":"cc68c6af933d051dc38e7720ac9843e3"},{"path":"\/template\/web\/servicepay.html","checksum":"e9e4b8d3dff0c5c99d421105f7666c5c"},{"path":"\/template\/web\/settings.html","checksum":"8234a1662fd0d71162e32a7b9f4ad68e"},{"path":"\/template\/web\/sms.html","checksum":"c3249e6a47c91b9410ed70ead1958d0a"},{"path":"\/template\/web\/spec.html","checksum":"a549466d5492b56c23eabfb2da7429cb"},{"path":"\/template\/web\/sss.html","checksum":"34830e2a30b7b3a01e20955f559795ab"},{"path":"\/template\/web\/statistics.html","checksum":"e81867a560baef15cd7d3dd9fac68f97"},{"path":"\/template\/web\/store.html","checksum":"d2be4eb71c95fe65bb7a577a5d019a67"},{"path":"\/template\/web\/storead.html","checksum":"7c35c6edc5ef8af1fe0a41e6d8f9173e"},{"path":"\/template\/web\/storeinfo.html","checksum":"40320aeed56d0df182d0a9cbf52146c9"},{"path":"\/template\/web\/storetype.html","checksum":"20139901588e6e3dec89888918a00c12"},{"path":"\/template\/web\/table.html","checksum":"a823d7738fbdd492ab4879729fea6425"},{"path":"\/template\/web\/tableorder.html","checksum":"5feba64ea959e667a9101b01d888a771"},{"path":"\/template\/web\/tabletype.html","checksum":"1dda69b6a662dbb8a02f362f3fbf3f8c"},{"path":"\/template\/web\/template.html","checksum":"5d02dd39c7c585252c5bd076d51efb42"},{"path":"\/template\/web\/test2.html","checksum":"545b71282da135bf2d2c16963f89f92a"},{"path":"\/template\/web\/txlist.html","checksum":"43c9283b23954079c2204316a974f8af"},{"path":"\/template\/web\/txsz.html","checksum":"155dea27a5f230bdae79e26f5d5eb9f3"},{"path":"\/template\/web\/typead.html","checksum":"047a5d8c0afd6fdff2127e2471f47898"},{"path":"\/template\/web\/typeset.html","checksum":"810c97624c2005188209f46db0b9e593"},{"path":"\/template\/web\/user.html","checksum":"6ccd710386280efae46f24f3395df9df"},{"path":"\/template\/web\/userjf.html","checksum":"ef17ead7f9b1c10340337d0f14595e21"},{"path":"\/template\/web\/userorder.html","checksum":"c50b04d6f31e680e867e0ba89ffb9c5a"},{"path":"\/template\/web\/userqb.html","checksum":"caeeeffd4573820f62764e4225e64529"},{"path":"\/template\/web\/voucher.html","checksum":"f9b69f80d0cf7bd02aee4682b6e6b2e2"},{"path":"\/template\/web\/wetemplate.html","checksum":"6d4d20e283bf71d292e21dd92282c113"},{"path":"\/template\/web\/wxapplist.html","checksum":"b35fa12d1f2a1e37a78b6d1f1912535f"},{"path":"\/template\/web\/ydorder.html","checksum":"98248a5e2d4ef3e21b5b4fd19f4a25f4"},{"path":"\/template\/web\/ydorderinfo.html","checksum":"d66d2d45630f55dc7d4ec9e47f2f7027"},{"path":"\/template\/web\/ygquan.html","checksum":"6d0d69303f9b6a9023e63d9dfe8802f3"},{"path":"\/template\/web\/yingyetime.html","checksum":"fb4a5c8f11795b756dc439b53ef76061"},{"path":"\/template\/web\/yypay.html","checksum":"d46c19d73dc66479bbc89aeb554b22d7"},{"path":"\/template\/web\/yyset.html","checksum":"1a0339ee39487b5057b6f3cd89704f8d"},{"path":"\/template\/web\/yyzjlist.html","checksum":"25da487eaaab0a11719750574a32adb0"},{"path":"\/template\/web\/zjlist.html","checksum":"609a583d408ebf6cf883702bfd6539e5"},{"path":"\/txsms\/SmsSenderUtil.php","checksum":"99a5b995274a5c831ab15d59ecd06740"},{"path":"\/txsms\/SmsSingleSender.php","checksum":"71c0e079cd1fc9e649381bdf124b16e7"},{"path":"\/update.php","checksum":"9354d9e84b98bd747cbbfef7bacf6309"},{"path":"\/uupt\/upt.php","checksum":"cb35a3d165d45ef2ff208409c8696025"},{"path":"\/wxapp.php","checksum":"cb5701d8a2bff34c49cf7965689fa83b"},{"path":"\/wxBizDataCrypt.php","checksum":"15aff673550e8e356e0b81d276c1609f"},{"path":"\/wxpay.php","checksum":"ae73e2f09eea81e52e784ec5edc97ff4"},{"path":"\/wxpay2.php","checksum":"210a20eef4e6cb5027b808990cace9c6"}]