<?xml version="1.0" encoding="utf-8"?>
<manifest xmlns="http://www.we7.cc" versionCode="0.8,1.0">
	<application setting="true">
		<name><![CDATA[DIY吸粉裂变海报]]></name>
		<identifie><![CDATA[zofui_posterhelp]]></identifie>
		<version><![CDATA[9.0.0]]></version>
		<type><![CDATA[activity]]></type>
		<ability><![CDATA[DIY吸粉裂变海报]]></ability>
		<description><![CDATA[DIY吸粉裂变海报]]></description>
		<author><![CDATA[懒人源码]]></author>
		<url><![CDATA[https://www.lanrenzhijia.com]]></url>
	</application>
	<platform>
		<subscribes>
			<message type="text" />
			<message type="subscribe" />
			<message type="unsubscribe" />
			<message type="qr" />
			<message type="click" />
		</subscribes>
		<handles>
			<message type="text" />
			<message type="subscribe" />
			<message type="qr" />
			<message type="click" />
		</handles>
		<rule embed="false" />
		<card embed="false" />
		<supports>
			<item type="app" />
        </supports>
	</platform>
	<bindings>
		<cover>
			<entry title="奖品核销入口" do="hexiao" state="" direct="false" />
		</cover>
		<menu>
			<entry title="活动管理" do="act" state="" direct="false" />
		</menu>
	</bindings>
	<permissions>
	</permissions>
	<install><![CDATA[CREATE TABLE IF NOT EXISTS `ims_zofui_posterhelp_act` (
  `id` int(11) unsigned NOT NULL AUTO_INCREMENT,
  `uniacid` int(11) unsigned NOT NULL DEFAULT '0',
  `start` int(11) unsigned NOT NULL DEFAULT '0' COMMENT '开始时间',
  `end` int(11) unsigned NOT NULL DEFAULT '0' COMMENT 'end',
  `name` varchar(100) DEFAULT NULL COMMENT '商家名称',
  `content` mediumtext COMMENT '规则',
  `thumb` varchar(255) DEFAULT NULL COMMENT '积分图标',
  `area` varchar(1500) DEFAULT NULL COMMENT '区域限制',
  `free` int(6) unsigned NOT NULL DEFAULT '0' COMMENT '免费赠送积分',
  `maxtimes` int(11) unsigned NOT NULL DEFAULT '0' COMMENT '最多能赠送人数',
  `min` int(11) unsigned NOT NULL DEFAULT '0' COMMENT '最小值',
  `max` int(11) unsigned NOT NULL DEFAULT '0' COMMENT '最大值',
  `creditname` varchar(22) DEFAULT NULL COMMENT '别名',
  `arealimit` tinyint(1) unsigned NOT NULL DEFAULT '0' COMMENT '区域限制 0不限制 1限制',
  `sendtype` tinyint(1) unsigned NOT NULL DEFAULT '0' COMMENT '0快递发货 1上店自提',
  `isform` tinyint(1) unsigned NOT NULL DEFAULT '0' COMMENT '0关闭表单 1开启表单',
  `shopaddress` varchar(255) DEFAULT NULL COMMENT '门店地址',
  `shoptel` varchar(20) DEFAULT NULL COMMENT '门店电话',
  `joined` int(11) unsigned NOT NULL DEFAULT '0' COMMENT '参与人数',
  `gametime` tinyint(1) unsigned NOT NULL DEFAULT '0' COMMENT '游戏周期 0 1天 1永久',
  `maxchange` int(6) unsigned NOT NULL DEFAULT '0' COMMENT '最多兑换次数',
  `status` tinyint(1) unsigned NOT NULL DEFAULT '0' COMMENT '0正常 1下架',
  `isshare` tinyint(1) unsigned NOT NULL DEFAULT '0' COMMENT '0关闭 1开启',
  `sharetitle` varchar(255) DEFAULT NULL,
  `sharedesc` varchar(255) DEFAULT NULL,
  `shareimg` varchar(255) DEFAULT NULL,
  `isrank` tinyint(1) unsigned NOT NULL DEFAULT '0' COMMENT '0显示 1不显示',
  `isminus` tinyint(1) unsigned NOT NULL DEFAULT '0' COMMENT '0取关后不减积分 1减积分',
  `isverifyh` tinyint(1) unsigned NOT NULL DEFAULT '0' COMMENT '0直接发红包 1审核后再发',
  `przieslider` varchar(3000) DEFAULT NULL COMMENT '兑换奖品页面轮播图',
  `islink` tinyint(1) unsigned NOT NULL DEFAULT '0' COMMENT '0关闭链接消息',
  `linkleast` int(11) unsigned NOT NULL DEFAULT '0' COMMENT '发链接消息的最小值',
  `linkmess` varchar(3000) DEFAULT NULL COMMENT '消息内容',
  `linklink` varchar(500) DEFAULT NULL COMMENT '链接',
  `islinkmess` tinyint(1) unsigned NOT NULL DEFAULT '0' COMMENT '0不发，1发',
  `helparr` tinyint(1) unsigned NOT NULL DEFAULT '0' COMMENT '0已全部活动计算 1以当前活动计算',
  `prizelim` tinyint(1) unsigned NOT NULL DEFAULT '0' COMMENT '0不限制兑奖 1限制兑奖时间',
  `prizestart` int(11) unsigned NOT NULL DEFAULT '0',
  `prizeend` int(11) unsigned NOT NULL DEFAULT '0',
  `indextype` tinyint(1) unsigned NOT NULL DEFAULT '0',
  `prizerule` text,
  `jftype` tinyint(1) unsigned NOT NULL DEFAULT '0' COMMENT '0自带积分 1微擎积分',
  PRIMARY KEY (`id`),
  KEY `index` (`uniacid`),
  KEY `start` (`start`),
  KEY `end` (`end`)
) ENGINE=InnoDB AUTO_INCREMENT=8 DEFAULT CHARSET=utf8 ROW_FORMAT=DYNAMIC;
CREATE TABLE IF NOT EXISTS `ims_zofui_posterhelp_auth` (
  `id` int(11) unsigned NOT NULL AUTO_INCREMENT,
  `uniacid` int(11) unsigned NOT NULL DEFAULT '0',
  `actid` int(11) unsigned NOT NULL DEFAULT '0',
  `authopenid` varchar(64) DEFAULT NULL,
  `openid` varchar(64) DEFAULT NULL,
  PRIMARY KEY (`id`),
  KEY `index` (`uniacid`,`actid`,`authopenid`,`openid`),
  KEY `uniacid` (`uniacid`),
  KEY `actid` (`actid`),
  KEY `authopenid` (`authopenid`),
  KEY `openid` (`openid`)
) ENGINE=InnoDB DEFAULT CHARSET=utf8 ROW_FORMAT=DYNAMIC;
CREATE TABLE IF NOT EXISTS `ims_zofui_posterhelp_form` (
  `id` int(11) unsigned NOT NULL AUTO_INCREMENT,
  `uniacid` int(11) unsigned NOT NULL DEFAULT '0',
  `name` varchar(33) DEFAULT NULL,
  `tel` varchar(22) DEFAULT NULL,
  `actid` int(11) unsigned NOT NULL DEFAULT '0',
  `openid` varchar(64) DEFAULT NULL,
  `createtime` int(11) unsigned NOT NULL DEFAULT '0' COMMENT '时间',
  PRIMARY KEY (`id`),
  KEY `uniacid` (`uniacid`),
  KEY `index` (`uniacid`,`name`,`openid`,`actid`),
  KEY `openid` (`openid`)
) ENGINE=InnoDB AUTO_INCREMENT=117 DEFAULT CHARSET=utf8 ROW_FORMAT=DYNAMIC;
CREATE TABLE IF NOT EXISTS `ims_zofui_posterhelp_geted` (
  `id` int(11) unsigned NOT NULL AUTO_INCREMENT,
  `uniacid` int(11) unsigned NOT NULL DEFAULT '0',
  `actid` int(11) unsigned NOT NULL DEFAULT '0' COMMENT '活动id',
  `openid` varchar(64) DEFAULT NULL,
  `prizeid` int(11) unsigned NOT NULL DEFAULT '0' COMMENT '奖品id',
  `createtime` int(11) unsigned NOT NULL DEFAULT '0' COMMENT '兑换时间',
  `fee` decimal(10,2) unsigned NOT NULL DEFAULT '0.00' COMMENT '红包，积分，余额数值',
  `status` tinyint(1) unsigned NOT NULL DEFAULT '0' COMMENT '0已兑换  1已领取',
  `miscredit` int(11) unsigned NOT NULL DEFAULT '0' COMMENT '扣除积分',
  `getname` varchar(100) DEFAULT NULL,
  `gettel` varchar(20) DEFAULT NULL,
  `address` varchar(300) DEFAULT NULL,
  `expressname` varchar(44) DEFAULT NULL,
  `expressnumber` varchar(44) DEFAULT NULL,
  `issend` tinyint(1) unsigned NOT NULL DEFAULT '0' COMMENT '0未发发奖消息 1已发',
  `code` varchar(20) DEFAULT NULL COMMENT '兑奖编码',
  `waitpay` tinyint(1) unsigned NOT NULL DEFAULT '0' COMMENT '0已支付  1未支付',
  PRIMARY KEY (`id`),
  KEY `uniacid` (`uniacid`),
  KEY `index` (`uniacid`,`actid`,`openid`,`prizeid`,`code`),
  KEY `actid` (`actid`),
  KEY `openid` (`openid`),
  KEY `prizeid` (`prizeid`)
) ENGINE=InnoDB AUTO_INCREMENT=4145 DEFAULT CHARSET=utf8 ROW_FORMAT=DYNAMIC;
CREATE TABLE IF NOT EXISTS `ims_zofui_posterhelp_helplist` (
  `id` int(11) unsigned NOT NULL AUTO_INCREMENT,
  `uniacid` int(11) unsigned NOT NULL DEFAULT '0',
  `helper` varchar(64) DEFAULT NULL COMMENT '赠送积分者',
  `helped` varchar(64) DEFAULT NULL COMMENT '被赠送者',
  `time` int(11) unsigned NOT NULL DEFAULT '0' COMMENT '时间',
  `credit` int(11) unsigned NOT NULL DEFAULT '0' COMMENT '赠送的积分',
  `actid` int(11) unsigned NOT NULL DEFAULT '0' COMMENT '活动id',
  `isminus` tinyint(1) unsigned NOT NULL DEFAULT '0' COMMENT '0未减 1已减',
  PRIMARY KEY (`id`),
  KEY `uniacid` (`uniacid`),
  KEY `index` (`uniacid`,`helper`,`helped`,`actid`),
  KEY `helper` (`helper`),
  KEY `helped` (`helped`),
  KEY `actid` (`actid`)
) ENGINE=InnoDB AUTO_INCREMENT=105478 DEFAULT CHARSET=utf8 ROW_FORMAT=DYNAMIC;
CREATE TABLE IF NOT EXISTS `ims_zofui_posterhelp_invite` (
  `id` int(11) unsigned NOT NULL AUTO_INCREMENT,
  `uniacid` int(11) unsigned NOT NULL DEFAULT '0',
  `unionid` varchar(64) DEFAULT NULL,
  `status` tinyint(3) unsigned NOT NULL DEFAULT '0' COMMENT '0进行中 1已发奖',
  `uid` int(11) unsigned NOT NULL DEFAULT '0',
  `endtime` int(11) unsigned NOT NULL DEFAULT '0' COMMENT '有效期结束时间',
  `actid` int(11) unsigned NOT NULL DEFAULT '0',
  PRIMARY KEY (`id`),
  KEY `uniacid` (`uniacid`),
  KEY `unionid` (`unionid`),
  KEY `endtime` (`endtime`),
  KEY `actid` (`actid`),
  KEY `uid` (`uid`)
) ENGINE=InnoDB DEFAULT CHARSET=utf8 ROW_FORMAT=DYNAMIC;
CREATE TABLE IF NOT EXISTS `ims_zofui_posterhelp_key` (
  `id` int(11) unsigned NOT NULL AUTO_INCREMENT,
  `uniacid` int(11) unsigned NOT NULL DEFAULT '0',
  `word` varchar(120) DEFAULT NULL,
  `pid` int(11) unsigned NOT NULL DEFAULT '0' COMMENT '规则id',
  `actid` int(11) unsigned NOT NULL DEFAULT '0',
  `type` tinyint(1) unsigned NOT NULL DEFAULT '0' COMMENT '1主页入口 2我的奖品 3生成海报',
  `title` varchar(255) DEFAULT NULL,
  `thumb` varchar(300) DEFAULT NULL,
  `desc` varchar(255) DEFAULT NULL,
  PRIMARY KEY (`id`),
  KEY `uniacid` (`uniacid`),
  KEY `index` (`uniacid`,`pid`,`actid`,`word`)
) ENGINE=InnoDB AUTO_INCREMENT=24 DEFAULT CHARSET=utf8 ROW_FORMAT=DYNAMIC;
CREATE TABLE IF NOT EXISTS `ims_zofui_posterhelp_poster` (
  `id` int(11) unsigned NOT NULL AUTO_INCREMENT,
  `uniacid` int(11) unsigned NOT NULL DEFAULT '0',
  `params` mediumtext,
  `bgimg` varchar(300) DEFAULT NULL,
  `type` tinyint(1) unsigned NOT NULL DEFAULT '0' COMMENT '1海报 2主页页面 3奖品页面',
  `actid` int(11) unsigned NOT NULL DEFAULT '0' COMMENT '活动id',
  PRIMARY KEY (`id`),
  KEY `uniacid` (`uniacid`),
  KEY `index` (`uniacid`,`actid`)
) ENGINE=InnoDB AUTO_INCREMENT=17 DEFAULT CHARSET=utf8 ROW_FORMAT=DYNAMIC;
CREATE TABLE IF NOT EXISTS `ims_zofui_posterhelp_prize` (
  `id` int(11) unsigned NOT NULL AUTO_INCREMENT,
  `uniacid` int(11) unsigned NOT NULL DEFAULT '0',
  `name` varchar(255) DEFAULT NULL COMMENT '奖品名称',
  `type` tinyint(1) unsigned NOT NULL DEFAULT '0' COMMENT '0红包 1积分 2余额 3其他',
  `min` decimal(10,2) unsigned NOT NULL DEFAULT '0.00' COMMENT '奖励最小值',
  `max` decimal(10,2) unsigned NOT NULL DEFAULT '0.00' COMMENT '奖励最大值',
  `stock` int(11) unsigned NOT NULL DEFAULT '0' COMMENT '库存',
  `need` int(11) unsigned NOT NULL DEFAULT '0' COMMENT '兑换需要积分',
  `isminus` tinyint(1) unsigned NOT NULL DEFAULT '0' COMMENT '0不扣积分 1扣积分',
  `maxchange` int(8) unsigned NOT NULL DEFAULT '0' COMMENT '每人最多兑换数量',
  `pic` varchar(255) DEFAULT NULL COMMENT '奖品图片',
  `actid` int(11) unsigned NOT NULL DEFAULT '0' COMMENT '对应的活动id',
  `isdetail` tinyint(1) unsigned NOT NULL DEFAULT '0' COMMENT '0不加详情 1加详情',
  `detail` mediumtext,
  `number` int(11) unsigned NOT NULL DEFAULT '0' COMMENT '越大越前',
  `tips` varchar(555) DEFAULT NULL,
  PRIMARY KEY (`id`),
  KEY `index` (`uniacid`,`actid`,`stock`)
) ENGINE=InnoDB AUTO_INCREMENT=17 DEFAULT CHARSET=utf8 ROW_FORMAT=DYNAMIC;
CREATE TABLE IF NOT EXISTS `ims_zofui_posterhelp_qrcode` (
  `id` int(11) unsigned NOT NULL AUTO_INCREMENT,
  `uniacid` int(11) unsigned NOT NULL DEFAULT '0',
  `openid` varchar(64) DEFAULT NULL,
  `actid` int(11) unsigned NOT NULL DEFAULT '0' COMMENT '活动id',
  `qrcodeid` int(11) unsigned NOT NULL DEFAULT '0' COMMENT 'qrcode表里的id',
  `sence` varchar(64) DEFAULT NULL,
  `expire` int(11) unsigned NOT NULL DEFAULT '0' COMMENT '过期时间',
  PRIMARY KEY (`id`),
  KEY `uniacid` (`uniacid`),
  KEY `index` (`uniacid`,`openid`,`actid`,`qrcodeid`,`sence`),
  KEY `openid` (`openid`),
  KEY `actid` (`actid`),
  KEY `qrcodeid` (`qrcodeid`),
  KEY `sence` (`sence`)
) ENGINE=InnoDB AUTO_INCREMENT=13178 DEFAULT CHARSET=utf8 ROW_FORMAT=DYNAMIC;
CREATE TABLE IF NOT EXISTS `ims_zofui_posterhelp_user` (
  `id` int(11) unsigned NOT NULL AUTO_INCREMENT,
  `uniacid` int(11) unsigned NOT NULL DEFAULT '0',
  `openid` varchar(64) DEFAULT NULL,
  `nickname` varchar(32) DEFAULT NULL,
  `headimgurl` varchar(350) DEFAULT NULL,
  `logintime` int(11) unsigned NOT NULL DEFAULT '0' COMMENT '登录时间',
  `credit` int(11) unsigned NOT NULL DEFAULT '0' COMMENT '积分',
  `actid` int(11) unsigned NOT NULL DEFAULT '0' COMMENT '活动id',
  `status` tinyint(1) unsigned NOT NULL DEFAULT '0' COMMENT '0正常 1黑名单',
  `code` varchar(30) DEFAULT NULL COMMENT '邀请码',
  `authopenid` varchar(64) DEFAULT NULL,
  `isstart` varchar(255) DEFAULT NULL COMMENT '0 未开始 1已开始',
  `issendlink` tinyint(1) unsigned NOT NULL DEFAULT '0' COMMENT '0未发link，1已发',
  `unionid` varchar(64) DEFAULT NULL COMMENT '链接',
  PRIMARY KEY (`id`),
  KEY `uniacid` (`uniacid`),
  KEY `index` (`uniacid`,`openid`,`code`,`actid`),
  KEY `status` (`status`),
  KEY `openid` (`openid`),
  KEY `actid` (`actid`),
  KEY `code` (`code`),
  KEY `isstart` (`isstart`),
  KEY `unionid` (`unionid`)
) ENGINE=InnoDB AUTO_INCREMENT=24124 DEFAULT CHARSET=utf8 ROW_FORMAT=DYNAMIC;
CREATE TABLE IF NOT EXISTS `ims_zofui_posterhelp_uu` (
  `id` int(11) unsigned NOT NULL AUTO_INCREMENT,
  `uniacid` int(11) unsigned NOT NULL DEFAULT '0',
  `openid` varchar(64) DEFAULT NULL,
  PRIMARY KEY (`id`),
  KEY `uniacid` (`uniacid`),
  KEY `openid` (`openid`)
) ENGINE=InnoDB DEFAULT CHARSET=utf8 ROW_FORMAT=DYNAMIC;
]]></install>
	<uninstall><![CDATA[DROP TABLE IF EXISTS `ims_zofui_posterhelp_act`;
DROP TABLE IF EXISTS `ims_zofui_posterhelp_auth`;
DROP TABLE IF EXISTS `ims_zofui_posterhelp_form`;
DROP TABLE IF EXISTS `ims_zofui_posterhelp_geted`;
DROP TABLE IF EXISTS `ims_zofui_posterhelp_helplist`;
DROP TABLE IF EXISTS `ims_zofui_posterhelp_invite`;
DROP TABLE IF EXISTS `ims_zofui_posterhelp_key`;
DROP TABLE IF EXISTS `ims_zofui_posterhelp_poster`;
DROP TABLE IF EXISTS `ims_zofui_posterhelp_prize`;
DROP TABLE IF EXISTS `ims_zofui_posterhelp_qrcode`;
DROP TABLE IF EXISTS `ims_zofui_posterhelp_user`;
DROP TABLE IF EXISTS `ims_zofui_posterhelp_uu`;
]]></uninstall>
	<upgrade><![CDATA[upgrade.php]]></upgrade>
</manifest>