<?xml version="1.0" encoding="utf-8"?>
<manifest xmlns="http://www.wazyb.com" versionCode="0.8,1.0">
	<application setting="true">
		<name><![CDATA[女神来了投票]]></name>
		<identifie><![CDATA[fm_photosvote]]></identifie>
		<version><![CDATA[5.1.0]]></version>
		<type><![CDATA[activity]]></type>
		<ability><![CDATA[女神来了，－分享朋友拉朋友为你的女神投上一票吧！]]></ability>
		<description><![CDATA[女神来了，－分享朋友拉朋友为你的女神投上一票吧！]]></description>
		<author><![CDATA[资源邦源码网]]></author>
		<url><![CDATA[http://www.wazyb.com/]]></url>
	</application>

	<platform>
		<subscribes>
			<message type="text" />
			<message type="image" />
			<message type="voice" />
			<message type="video" />
			<message type="shortvideo" />
			<message type="subscribe" />
			<message type="unsubscribe" />
			<message type="location" />
			<message type="qr" />
			<message type="trace" />
		</subscribes>

		<handles>
			<message type="text" />
			<message type="image" />
			<message type="voice" />
			<message type="video" />
			<message type="shortvideo" />
			<message type="location" />
			<message type="qr" />
		</handles>

		<rule embed="true" />
		<card embed="false" />
		
		<supports>
		</supports>
        <plugins></plugins> 
        <plugin-main name="" />

	</platform>

	<bindings>
		<menu>
			<entry title="首页" do="home" state="" direct="false"/>
			<entry title="管理中心" do="index" state="" direct="false"/>
		</menu>
		<home call="gettiles"> 
		</home>

	</bindings>

	<permissions>
	</permissions>

	<install><![CDATA[
CREATE TABLE IF NOT EXISTS `ims_fm_photosvote_advs` (
  `id` int(11) NOT NULL AUTO_INCREMENT,
  `weid` int(11) DEFAULT '0',
  `uniacid` int(10) unsigned NOT NULL,
  `rid` int(11) DEFAULT '0',
  `advname` varchar(50) DEFAULT '',
  `description` varchar(350) DEFAULT '',
  `link` varchar(255) DEFAULT '',
  `thumb` varchar(255) DEFAULT '',
  `displayorder` int(11) DEFAULT '0',
  `times` int(11) DEFAULT '0',
  `ismiaoxian` int(2) DEFAULT '0',
  `issuiji` int(2) DEFAULT '0',
  `nexttime` int(11) DEFAULT '0',
  `enabled` int(11) DEFAULT '0',
  PRIMARY KEY (`id`),
  KEY `indx_weid` (`weid`),
  KEY `indx_enabled` (`enabled`),
  KEY `indx_displayorder` (`displayorder`)
) ENGINE=MyISAM AUTO_INCREMENT=50 DEFAULT CHARSET=utf8;


CREATE TABLE IF NOT EXISTS `ims_fm_photosvote_announce` (
  `id` int(10) unsigned NOT NULL AUTO_INCREMENT,
  `rid` int(10) unsigned NOT NULL DEFAULT '0' COMMENT '规则id',
  `weid` int(10) unsigned NOT NULL COMMENT '公众号ID',
  `uniacid` int(10) unsigned NOT NULL COMMENT '公众号ID',
  `content` varchar(150) NOT NULL DEFAULT '' COMMENT '公告',
  `nickname` varchar(100) NOT NULL DEFAULT '' COMMENT '公告',
  `url` varchar(200) NOT NULL DEFAULT '' COMMENT '公告链接',
  `createtime` int(10) unsigned NOT NULL COMMENT '时间',
  PRIMARY KEY (`id`),
  KEY `indx_uniacid` (`uniacid`),
  KEY `indx_createtime` (`createtime`)
) ENGINE=MyISAM AUTO_INCREMENT=10 DEFAULT CHARSET=utf8;


CREATE TABLE IF NOT EXISTS `ims_fm_photosvote_answer` (
  `id` int(11) NOT NULL AUTO_INCREMENT,
  `weid` int(11) DEFAULT '0',
  `uniacid` int(10) unsigned NOT NULL,
  `rid` int(11) DEFAULT '0',
  `title` varchar(50) DEFAULT '',
  `answer` text,
  `key` varchar(10) DEFAULT '',
  `thumb` varchar(255) DEFAULT '',
  `displayorder` int(11) DEFAULT '0',
  `enabled` int(11) DEFAULT '0',
  `createtime` int(10) unsigned NOT NULL,
  PRIMARY KEY (`id`),
  KEY `indx_uniacid` (`uniacid`),
  KEY `indx_rid` (`rid`),
  KEY `indx_displayorder` (`displayorder`)
) ENGINE=MyISAM DEFAULT CHARSET=utf8;


CREATE TABLE IF NOT EXISTS `ims_fm_photosvote_banners` (
  `id` int(11) NOT NULL AUTO_INCREMENT,
  `weid` int(11) DEFAULT '0',
  `uniacid` int(10) unsigned NOT NULL,
  `rid` int(11) DEFAULT '0',
  `bannername` varchar(50) DEFAULT '',
  `link` varchar(255) DEFAULT '',
  `thumb` varchar(255) DEFAULT '',
  `displayorder` int(11) DEFAULT '0',
  `enabled` int(11) DEFAULT '0',
  PRIMARY KEY (`id`),
  KEY `indx_weid` (`weid`),
  KEY `indx_enabled` (`enabled`),
  KEY `indx_displayorder` (`displayorder`)
) ENGINE=MyISAM AUTO_INCREMENT=32 DEFAULT CHARSET=utf8;


CREATE TABLE IF NOT EXISTS `ims_fm_photosvote_bbsreply` (
  `id` int(10) unsigned NOT NULL AUTO_INCREMENT,
  `rid` int(10) unsigned NOT NULL DEFAULT '0' COMMENT '规则id',
  `weid` int(10) unsigned NOT NULL COMMENT '公众号ID',
  `uniacid` int(10) unsigned NOT NULL,
  `avatar` varchar(200) NOT NULL DEFAULT '' COMMENT '微信头像',
  `nickname` varchar(50) NOT NULL DEFAULT '' COMMENT '微信昵称',
  `tid` varchar(125) NOT NULL COMMENT '帖子的ID',
  `tfrom_user` varchar(255) NOT NULL DEFAULT '' COMMENT '帖子作者的openid',
  `reply_id` varchar(125) NOT NULL COMMENT '回复评论帖子的ID',
  `from_user` varchar(255) NOT NULL DEFAULT '' COMMENT '回复评论帖子的openid',
  `to_reply_id` int(11) NOT NULL DEFAULT '0' COMMENT '回复评论的id',
  `rfrom_user` varchar(255) NOT NULL DEFAULT '' COMMENT '被回复的评论的作者的openid',
  `content` text NOT NULL COMMENT '评论回复内容',
  `is_del` tinyint(2) DEFAULT '0' COMMENT '是否已删除 0-否 1-是',
  `status` tinyint(2) DEFAULT '0' COMMENT '是否审核 0-否 1-是',
  `storey` int(11) NOT NULL DEFAULT '0' COMMENT '绝对楼层',
  `zan` tinyint(1) unsigned NOT NULL DEFAULT '0' COMMENT '点赞数',
  `ip` varchar(255) NOT NULL DEFAULT '' COMMENT '回复IP',
  `iparr` varchar(200) NOT NULL DEFAULT '' COMMENT 'IP区域',
  `createtime` int(11) NOT NULL COMMENT '回复时间',
  PRIMARY KEY (`id`),
  KEY `indx_uniacid` (`uniacid`),
  KEY `indx_rid` (`rid`),
  KEY `indx_createtime` (`createtime`),
  KEY `indx_from_user` (`from_user`)
) ENGINE=MyISAM AUTO_INCREMENT=8279 DEFAULT CHARSET=utf8;


CREATE TABLE IF NOT EXISTS `ims_fm_photosvote_counter` (
  `id` int(10) unsigned NOT NULL AUTO_INCREMENT,
  `uniacid` int(10) unsigned NOT NULL,
  `rid` int(10) unsigned NOT NULL,
  `from_user` varchar(100) NOT NULL,
  `tfrom_user` varchar(100) NOT NULL,
  `tp_times` int(10) unsigned NOT NULL DEFAULT '0' COMMENT '投票次数',
  `gift_times` int(10) unsigned NOT NULL DEFAULT '0' COMMENT '送礼物次数',
  `type` tinyint(2) NOT NULL DEFAULT '0' COMMENT '1、总共投票数 2、每天总共投票数 3、同一选手总共投票数 4、同一选手每天总共投票数 5、单公众号总共投票数 6、单公众号每天总共投票数 7、单公众号同一选手总共投票数 8、单公众号同一选手每天总共投票数  9、每天总共送礼物数 10、每天给同一个人总共送礼物数 ',
  `createtime` int(10) unsigned NOT NULL DEFAULT '0' COMMENT '更新时间',
  PRIMARY KEY (`id`),
  KEY `idx_rid` (`rid`),
  KEY `idx_from_user` (`from_user`),
  KEY `idx_tfrom_user` (`tfrom_user`),
  KEY `idx_type` (`type`),
  KEY `idx_createtime` (`createtime`)
) ENGINE=MyISAM AUTO_INCREMENT=520605 DEFAULT CHARSET=utf8;


CREATE TABLE IF NOT EXISTS `ims_fm_photosvote_daoru` (
  `id` int(10) unsigned NOT NULL AUTO_INCREMENT,
  `uniacid` int(10) unsigned NOT NULL,
  `rid` int(10) unsigned NOT NULL,
  `title` varchar(100) NOT NULL,
  `content` text NOT NULL COMMENT '内容',
  `createtime` int(10) unsigned NOT NULL,
  PRIMARY KEY (`id`),
  KEY `idx_uniacid` (`uniacid`),
  KEY `idx_rid` (`rid`)
) ENGINE=MyISAM DEFAULT CHARSET=utf8;


CREATE TABLE IF NOT EXISTS `ims_fm_photosvote_data` (
  `id` int(10) unsigned NOT NULL AUTO_INCREMENT,
  `weid` int(10) unsigned NOT NULL COMMENT '公众号ID',
  `uniacid` int(10) unsigned NOT NULL,
  `fromuser` varchar(150) NOT NULL DEFAULT '' COMMENT '分享用户openid',
  `from_user` varchar(150) NOT NULL DEFAULT '' COMMENT '当前用户openid',
  `tfrom_user` varchar(150) NOT NULL DEFAULT '' COMMENT '被分享用户openid',
  `avatar` varchar(200) NOT NULL DEFAULT '' COMMENT '微信头像',
  `nickname` varchar(50) NOT NULL DEFAULT '' COMMENT '微信昵称',
  `rid` int(10) unsigned NOT NULL DEFAULT '0' COMMENT '规则id',
  `uid` int(10) unsigned NOT NULL DEFAULT '0' COMMENT '分享人UID',
  `isin` tinyint(1) NOT NULL DEFAULT '0' COMMENT '是否参与',
  `visitorsip` varchar(15) NOT NULL DEFAULT '' COMMENT '访问IP',
  `visitorstime` int(10) unsigned NOT NULL COMMENT '访问时间',
  `viewnum` int(10) unsigned NOT NULL DEFAULT '0' COMMENT '查看次数',
  PRIMARY KEY (`id`),
  KEY `indx_uniacid` (`uniacid`),
  KEY `indx_rid` (`rid`),
  KEY `indx_uid` (`uid`),
  KEY `indx_from_user` (`from_user`)
) ENGINE=MyISAM AUTO_INCREMENT=177695 DEFAULT CHARSET=utf8;


CREATE TABLE IF NOT EXISTS `ims_fm_photosvote_iplist` (
  `id` int(10) unsigned NOT NULL AUTO_INCREMENT,
  `rid` int(10) unsigned NOT NULL DEFAULT '0' COMMENT '规则id',
  `weid` int(10) unsigned NOT NULL COMMENT '公众号ID',
  `uniacid` int(10) unsigned NOT NULL COMMENT '公众号ID',
  `iparr` varchar(200) NOT NULL DEFAULT '' COMMENT 'IP区域',
  `ipadd` varchar(100) NOT NULL DEFAULT '' COMMENT 'IP区域',
  `createtime` int(10) unsigned NOT NULL COMMENT '时间',
  PRIMARY KEY (`id`),
  KEY `indx_uniacid` (`uniacid`),
  KEY `indx_rid` (`rid`),
  KEY `indx_createtime` (`createtime`)
) ENGINE=MyISAM AUTO_INCREMENT=6 DEFAULT CHARSET=utf8;


CREATE TABLE IF NOT EXISTS `ims_fm_photosvote_iplistlog` (
  `id` int(10) unsigned NOT NULL AUTO_INCREMENT,
  `rid` int(10) unsigned NOT NULL DEFAULT '0' COMMENT '规则id',
  `uniacid` int(10) unsigned NOT NULL COMMENT '公众号ID',
  `avatar` varchar(200) NOT NULL DEFAULT '' COMMENT '微信头像',
  `nickname` varchar(50) NOT NULL DEFAULT '' COMMENT '微信昵称',
  `from_user` varchar(255) NOT NULL DEFAULT '' COMMENT 'openid',
  `ip` varchar(255) NOT NULL DEFAULT '' COMMENT 'IP',
  `hitym` varchar(255) NOT NULL DEFAULT '' COMMENT '点击页面',
  `createtime` int(11) NOT NULL COMMENT '初始时间',
  `iparr` varchar(200) NOT NULL DEFAULT '' COMMENT 'IP区域',
  PRIMARY KEY (`id`),
  KEY `indx_uniacid` (`uniacid`),
  KEY `indx_rid` (`rid`),
  KEY `indx_createtime` (`createtime`),
  KEY `indx_from_user` (`from_user`)
) ENGINE=MyISAM DEFAULT CHARSET=utf8;


CREATE TABLE IF NOT EXISTS `ims_fm_photosvote_jifen` (
  `id` int(10) unsigned NOT NULL AUTO_INCREMENT,
  `rid` int(10) unsigned NOT NULL DEFAULT '0' COMMENT '规则id',
  `uniacid` int(10) unsigned NOT NULL COMMENT '公众号ID',
  `is_open_jifen` tinyint(1) unsigned NOT NULL DEFAULT '0' COMMENT '积分 1开启0关闭',
  `is_open_jifen_sync` tinyint(1) unsigned NOT NULL DEFAULT '0' COMMENT '1同步0关闭',
  `is_open_choujiang` tinyint(1) unsigned NOT NULL DEFAULT '0' COMMENT '抽奖 1同步0关闭',
  `jifen_vote` int(10) unsigned NOT NULL DEFAULT '0' COMMENT '投票获得积分',
  `jifen_vote_reg` int(10) unsigned NOT NULL DEFAULT '0' COMMENT '投票参赛人获得积分',
  `jifen_reg` int(10) unsigned NOT NULL DEFAULT '0' COMMENT '报名获得积分',
  `jifen_charge` int(10) unsigned NOT NULL DEFAULT '0' COMMENT '充值获得积分',
  `title` varchar(50) NOT NULL COMMENT '奖品名称',
  `total` int(11) unsigned NOT NULL DEFAULT '0' COMMENT '数量',
  `total_winning` int(11) unsigned NOT NULL DEFAULT '0' COMMENT '中奖数量',
  `lingjiangtype` tinyint(1) unsigned NOT NULL DEFAULT '0' COMMENT '奖品库存减少方式0为有资格1为提交2为兑奖',
  `description` text NOT NULL COMMENT '描述',
  `inkind` tinyint(1) unsigned NOT NULL DEFAULT '1' COMMENT '是否是实物',
  `activation_code` varchar(50) NOT NULL COMMENT '激活码',
  `activation_url` varchar(215) NOT NULL COMMENT '激活地址',
  `break` int(3) unsigned NOT NULL DEFAULT '0' COMMENT '需要朋友人数',
  `awardpic` varchar(512) NOT NULL COMMENT '奖品图片',
  `awardpass` varchar(20) NOT NULL COMMENT '兑奖密码',
  `jifen_gift_times` int(10) unsigned NOT NULL DEFAULT '0' COMMENT '每天最多送几次礼物',
  PRIMARY KEY (`id`),
  KEY `indx_rid` (`rid`),
  KEY `indx_uniacid` (`uniacid`)
) ENGINE=MyISAM AUTO_INCREMENT=8 DEFAULT CHARSET=utf8;


CREATE TABLE IF NOT EXISTS `ims_fm_photosvote_jifen_gift` (
  `id` int(10) unsigned NOT NULL AUTO_INCREMENT,
  `rid` int(10) unsigned NOT NULL DEFAULT '0' COMMENT '规则id',
  `uniacid` int(10) unsigned NOT NULL COMMENT '公众号ID',
  `gifttitle` varchar(150) NOT NULL COMMENT '礼物名称',
  `jifen` int(11) unsigned NOT NULL DEFAULT '0' COMMENT '积分',
  `piaoshu` int(11) NOT NULL DEFAULT '0' COMMENT '票数',
  `images` varchar(150) NOT NULL COMMENT '图片',
  `description` varchar(150) NOT NULL COMMENT '描述',
  `createtime` int(10) unsigned NOT NULL DEFAULT '0' COMMENT '创建时间',
  `dhnum` int(11) unsigned NOT NULL DEFAULT '0' COMMENT '已兑换数量',
  PRIMARY KEY (`id`),
  KEY `indx_rid` (`rid`),
  KEY `indx_uniacid` (`uniacid`)
) ENGINE=MyISAM AUTO_INCREMENT=27 DEFAULT CHARSET=utf8;


CREATE TABLE IF NOT EXISTS `ims_fm_photosvote_message` (
  `id` int(10) unsigned NOT NULL AUTO_INCREMENT,
  `weid` int(10) unsigned NOT NULL,
  `uniacid` int(10) unsigned NOT NULL,
  `rid` int(10) unsigned NOT NULL,
  `title` varchar(100) NOT NULL,
  `from_user` varchar(100) NOT NULL,
  `tfrom_user` varchar(100) NOT NULL,
  `content` text NOT NULL COMMENT '内容',
  `status` tinyint(1) NOT NULL DEFAULT '0' COMMENT '0、未读 1、已读  2、已删除',
  `type` tinyint(1) NOT NULL DEFAULT '0' COMMENT '1、投票信息 2、被投票信息  3、报名信息 4、充值信息 5、得奖信息 6、积分变更 7、开通信息',
  `lasttime` int(10) unsigned NOT NULL,
  `createtime` int(10) unsigned NOT NULL,
  PRIMARY KEY (`id`),
  KEY `idx_uniacid` (`uniacid`),
  KEY `idx_rid` (`rid`),
  KEY `idx_from_user` (`from_user`),
  KEY `idx_tfrom_user` (`tfrom_user`)
) ENGINE=MyISAM AUTO_INCREMENT=1316384 DEFAULT CHARSET=utf8;


CREATE TABLE IF NOT EXISTS `ims_fm_photosvote_onlyoauth` (
  `id` int(10) unsigned NOT NULL AUTO_INCREMENT,
  `siteid` int(10) unsigned NOT NULL,
  `fmauthtoken` varchar(255) NOT NULL,
  `modules` varchar(120) NOT NULL,
  `oauthurl` varchar(120) NOT NULL,
  `status` tinyint(1) unsigned NOT NULL,
  `visitorsip` varchar(100) NOT NULL DEFAULT '' COMMENT 'ip',
  `createtime` int(10) unsigned NOT NULL,
  PRIMARY KEY (`id`),
  KEY `idx_siteid` (`siteid`),
  KEY `idx_createtime` (`createtime`)
) ENGINE=MyISAM AUTO_INCREMENT=2 DEFAULT CHARSET=utf8;


CREATE TABLE IF NOT EXISTS `ims_fm_photosvote_order` (
  `id` int(10) unsigned NOT NULL AUTO_INCREMENT,
  `weid` int(10) unsigned NOT NULL,
  `uniacid` int(10) unsigned NOT NULL,
  `rid` int(10) unsigned NOT NULL,
  `title` varchar(50) NOT NULL,
  `from_user` varchar(50) NOT NULL,
  `tfrom_user` varchar(50) NOT NULL,
  `ordersn` varchar(50) NOT NULL,
  `price` varchar(10) NOT NULL,
  `vote_times` varchar(10) NOT NULL,
  `realname` varchar(30) NOT NULL,
  `mobile` varchar(20) NOT NULL,
  `payyz` varchar(20) NOT NULL,
  `status` tinyint(4) NOT NULL DEFAULT '0' COMMENT '-1取消状态，0普通状态，1为已付款，2为已发货，3为成功',
  `paytype` tinyint(1) unsigned NOT NULL COMMENT '1为余额，2为在线，3为到付',
  `transid` varchar(30) NOT NULL DEFAULT '0' COMMENT '微信支付单号',
  `remark` varchar(1000) NOT NULL DEFAULT '',
  `paytime` int(10) unsigned NOT NULL,
  `createtime` int(10) unsigned NOT NULL,
  `fromuser` varchar(100) NOT NULL COMMENT '分享用户',
  `iparr` varchar(200) NOT NULL COMMENT '地址',
  `ip` varchar(100) NOT NULL COMMENT 'ip地址',
  `ispayvote` tinyint(1) unsigned NOT NULL COMMENT '0默认 1为支付后成功投票 2为支付成功后未投票成功',
  `jifen` int(11) unsigned NOT NULL DEFAULT '0' COMMENT '积分',
  `avatar` varchar(200) NOT NULL COMMENT '头像',
  `giftid` int(10) unsigned NOT NULL COMMENT '礼物id',
  PRIMARY KEY (`id`),
  KEY `idx_uniacid` (`uniacid`),
  KEY `idx_rid` (`rid`),
  KEY `idx_from_user` (`from_user`),
  KEY `idx_tfrom_user` (`tfrom_user`),
  KEY `idx_ordersn` (`ordersn`)
) ENGINE=MyISAM AUTO_INCREMENT=1571 DEFAULT CHARSET=utf8;


CREATE TABLE IF NOT EXISTS `ims_fm_photosvote_orderlog` (
  `id` int(10) unsigned NOT NULL AUTO_INCREMENT,
  `weid` int(10) unsigned NOT NULL,
  `uniacid` int(10) unsigned NOT NULL,
  `rid` int(10) unsigned NOT NULL,
  `num` int(10) unsigned NOT NULL,
  `ordersn` varchar(50) NOT NULL,
  `title` varchar(100) NOT NULL,
  `from_user` varchar(100) NOT NULL,
  `remark` text NOT NULL COMMENT '内容',
  `status` tinyint(1) NOT NULL DEFAULT '0' COMMENT '0、未读 1、已读  2、已删除',
  `type` tinyint(1) NOT NULL DEFAULT '0' COMMENT '1、投票信息 2、被投票信息  3、报名信息 4、充值信息 5、得奖信息 6、积分变更 7、开通信息',
  `lasttime` int(10) unsigned NOT NULL,
  `createtime` int(10) unsigned NOT NULL,
  PRIMARY KEY (`id`),
  KEY `idx_uniacid` (`uniacid`),
  KEY `idx_rid` (`rid`),
  KEY `idx_from_user` (`from_user`),
  KEY `idx_ordersn` (`ordersn`)
) ENGINE=MyISAM AUTO_INCREMENT=58 DEFAULT CHARSET=utf8;


CREATE TABLE IF NOT EXISTS `ims_fm_photosvote_pnametag` (
  `id` int(10) unsigned NOT NULL AUTO_INCREMENT,
  `rid` int(10) unsigned NOT NULL DEFAULT '0' COMMENT '规则id',
  `weid` int(10) unsigned NOT NULL COMMENT '公众号ID',
  `uniacid` int(10) unsigned NOT NULL COMMENT '公众号ID',
  `title` varchar(350) NOT NULL DEFAULT '' COMMENT '默认口号',
  `createtime` int(10) unsigned NOT NULL COMMENT '时间',
  PRIMARY KEY (`id`),
  KEY `indx_uniacid` (`uniacid`),
  KEY `indx_createtime` (`createtime`)
) ENGINE=MyISAM DEFAULT CHARSET=utf8;


CREATE TABLE IF NOT EXISTS `ims_fm_photosvote_provevote` (
  `id` int(10) unsigned NOT NULL AUTO_INCREMENT,
  `uid` int(10) unsigned NOT NULL DEFAULT '0' COMMENT '用户编号',
  `rid` int(10) unsigned NOT NULL DEFAULT '0' COMMENT '规则id',
  `tagid` int(10) unsigned NOT NULL COMMENT '分组id',
  `weid` int(10) unsigned NOT NULL COMMENT '公众号ID',
  `uniacid` int(10) unsigned NOT NULL,
  `from_user` varchar(255) NOT NULL DEFAULT '' COMMENT '用户openid',
  `tfrom_user` varchar(255) NOT NULL DEFAULT '' COMMENT '被投票用户openid',
  `avatar` varchar(200) NOT NULL DEFAULT '' COMMENT '微信头像',
  `sex` tinyint(1) unsigned NOT NULL DEFAULT '0' COMMENT '性别，1、男 2、女 0 、未知',
  `photo` varchar(200) NOT NULL DEFAULT '' COMMENT '照片',
  `music` varchar(200) NOT NULL DEFAULT '' COMMENT '音乐',
  `mediaid` varchar(200) NOT NULL DEFAULT '' COMMENT '音乐id',
  `timelength` varchar(200) NOT NULL DEFAULT '' COMMENT '时间轴',
  `voice` varchar(200) NOT NULL DEFAULT '' COMMENT '音乐',
  `vedio` varchar(200) NOT NULL DEFAULT '' COMMENT '视频',
  `youkuurl` varchar(200) NOT NULL DEFAULT '' COMMENT '视频',
  `fmmid` varchar(200) NOT NULL DEFAULT '' COMMENT '识别',
  `picarr` varchar(2000) NOT NULL DEFAULT '' COMMENT '照片组',
  `description` text NOT NULL COMMENT '简介，描述',
  `photoname` varchar(50) NOT NULL DEFAULT '' COMMENT '照片名字',
  `nickname` varchar(50) NOT NULL DEFAULT '' COMMENT '微信昵称',
  `realname` varchar(20) NOT NULL DEFAULT '' COMMENT '真实姓名',
  `mobile` varchar(20) NOT NULL DEFAULT '' COMMENT '联系电话',
  `job` varchar(20) NOT NULL DEFAULT '' COMMENT '职业',
  `xingqu` varchar(20) NOT NULL DEFAULT '' COMMENT '兴趣',
  `weixin` varchar(255) NOT NULL DEFAULT '' COMMENT '联系微信号',
  `qqhao` varchar(20) NOT NULL DEFAULT '' COMMENT '联系QQ号码',
  `email` varchar(255) NOT NULL DEFAULT '' COMMENT '联系邮箱',
  `address` varchar(100) NOT NULL DEFAULT '' COMMENT '联系地址',
  `cms` varchar(30) NOT NULL DEFAULT '0' COMMENT '0',
  `hd` varchar(30) NOT NULL DEFAULT '0' COMMENT '0',
  `spread` varchar(30) NOT NULL DEFAULT '0' COMMENT '0',
  `jkc` varchar(30) NOT NULL DEFAULT '0' COMMENT '0',
  `mrjim` varchar(30) NOT NULL DEFAULT '0' COMMENT '0',
  `hmys` varchar(30) NOT NULL DEFAULT '0' COMMENT '0',
  `lbl` varchar(30) NOT NULL DEFAULT '0' COMMENT '0',
  `bly` varchar(30) NOT NULL DEFAULT '0' COMMENT '0',
  `vip` varchar(30) NOT NULL DEFAULT '0' COMMENT '0',
  `wechat` varchar(30) NOT NULL DEFAULT '0' COMMENT '0',
  `photosnum` int(10) unsigned NOT NULL DEFAULT '0' COMMENT '票数',
  `xnphotosnum` int(10) unsigned NOT NULL DEFAULT '0' COMMENT '虚拟票数',
  `hits` int(10) unsigned NOT NULL DEFAULT '0' COMMENT '人气',
  `xnhits` int(10) unsigned NOT NULL DEFAULT '0' COMMENT '虚拟人气',
  `yaoqingnum` int(10) unsigned NOT NULL DEFAULT '0' COMMENT '邀请量',
  `zans` tinyint(1) unsigned NOT NULL DEFAULT '0' COMMENT '点赞数',
  `ewm` varchar(200) NOT NULL DEFAULT '' COMMENT '二维码地址',
  `status` tinyint(1) unsigned NOT NULL DEFAULT '1' COMMENT '审核状态',
  `isadmin` tinyint(1) unsigned NOT NULL DEFAULT '0' COMMENT '是否设置为管理员',
  `istuijian` tinyint(1) unsigned NOT NULL DEFAULT '0' COMMENT '是否设置为推荐',
  `createip` varchar(50) NOT NULL DEFAULT '' COMMENT '创建IP',
  `lastip` varchar(50) NOT NULL DEFAULT '' COMMENT '编辑IP',
  `iparr` varchar(200) NOT NULL DEFAULT '' COMMENT 'ip地区',
  `lasttime` int(10) unsigned NOT NULL COMMENT '最后编辑时间',
  `sharetime` int(10) unsigned NOT NULL COMMENT '最后分享时间',
  `sharenum` int(10) unsigned NOT NULL COMMENT '最后分享',
  `createtime` int(10) unsigned NOT NULL COMMENT '注册时间',
  `limitsd` int(10) unsigned NOT NULL DEFAULT '0' COMMENT '限速',
  `unionid` varchar(255) NOT NULL DEFAULT '' COMMENT '统一用户openid',
  `ordersn` varchar(55) NOT NULL DEFAULT '' COMMENT '付款订单号',
  `tagpid` int(10) unsigned NOT NULL COMMENT '分组pid',
  `tagpidtest` int(10) unsigned NOT NULL COMMENT 'tagpidtest',
  `unphotosnum` int(10) unsigned NOT NULL DEFAULT '0' COMMENT '减少的票数',
  `unhits` int(10) unsigned NOT NULL DEFAULT '0' COMMENT '减少的人气',
  `haibao` varchar(200) NOT NULL DEFAULT '' COMMENT '海报地址',
  `tagtid` int(10) unsigned NOT NULL COMMENT '分组pid_3',
  `schoolid` int(10) unsigned NOT NULL COMMENT '学校id',
  `sourceid` int(10) unsigned NOT NULL COMMENT '来源id',
  `musictime` int(10) unsigned NOT NULL COMMENT '音乐时间',
  `voicetime` int(10) unsigned NOT NULL COMMENT '录音时间',
  `vediotime` int(10) unsigned NOT NULL COMMENT '视频时间',
  `giftnum` int(10) unsigned NOT NULL DEFAULT '0' COMMENT '收到的礼物数',
  PRIMARY KEY (`id`),
  KEY `indx_uniacid` (`uniacid`),
  KEY `indx_createtime` (`createtime`),
  KEY `indx_from_user` (`from_user`),
  KEY `indx_rid` (`rid`)
) ENGINE=MyISAM AUTO_INCREMENT=1150 DEFAULT CHARSET=utf8;


CREATE TABLE IF NOT EXISTS `ims_fm_photosvote_provevote_name` (
  `id` int(10) unsigned NOT NULL AUTO_INCREMENT,
  `rid` int(10) unsigned NOT NULL DEFAULT '0' COMMENT '规则id',
  `uniacid` int(10) unsigned NOT NULL,
  `weid` int(10) unsigned NOT NULL COMMENT '公众号ID',
  `from_user` varchar(255) NOT NULL DEFAULT '' COMMENT '用户openid',
  `musicname` varchar(200) NOT NULL DEFAULT '' COMMENT '音乐',
  `photoname` varchar(200) NOT NULL DEFAULT '' COMMENT '音乐',
  `picarr_1_name` varchar(200) NOT NULL DEFAULT '' COMMENT '音乐',
  `picarr_2_name` varchar(200) NOT NULL DEFAULT '' COMMENT '音乐',
  `picarr_3_name` varchar(200) NOT NULL DEFAULT '' COMMENT '音乐',
  `picarr_4_name` varchar(200) NOT NULL DEFAULT '' COMMENT '音乐',
  `picarr_5_name` varchar(200) NOT NULL DEFAULT '' COMMENT '音乐',
  `picarr_6_name` varchar(200) NOT NULL DEFAULT '' COMMENT '音乐',
  `picarr_7_name` varchar(200) NOT NULL DEFAULT '' COMMENT '音乐',
  `picarr_8_name` varchar(200) NOT NULL DEFAULT '' COMMENT '音乐',
  `musicnamefop` varchar(200) NOT NULL DEFAULT '' COMMENT '音乐',
  `voicename` varchar(200) NOT NULL DEFAULT '' COMMENT '音乐',
  `voicenamefop` varchar(200) NOT NULL DEFAULT '' COMMENT '音乐',
  `vedioname` varchar(200) NOT NULL DEFAULT '' COMMENT '视频',
  `vedionamefop` varchar(200) NOT NULL DEFAULT '' COMMENT '视频',
  PRIMARY KEY (`id`),
  KEY `indx_uniacid` (`uniacid`),
  KEY `indx_rid` (`rid`),
  KEY `indx_from_user` (`from_user`)
) ENGINE=MyISAM AUTO_INCREMENT=7 DEFAULT CHARSET=utf8;


CREATE TABLE IF NOT EXISTS `ims_fm_photosvote_provevote_picarr` (
  `id` int(10) unsigned NOT NULL AUTO_INCREMENT,
  `rid` int(10) unsigned NOT NULL DEFAULT '0' COMMENT '规则id',
  `mid` int(10) unsigned NOT NULL,
  `lastmid` int(10) unsigned NOT NULL,
  `uniacid` int(10) unsigned NOT NULL,
  `weid` int(10) unsigned NOT NULL COMMENT '公众号ID',
  `from_user` varchar(255) NOT NULL DEFAULT '' COMMENT '用户openid',
  `photos` varchar(200) NOT NULL DEFAULT '' COMMENT '图片',
  `photoname` varchar(200) NOT NULL DEFAULT '' COMMENT '图片名字',
  `status` tinyint(1) unsigned NOT NULL DEFAULT '1' COMMENT '是否显示',
  `isfm` tinyint(1) unsigned NOT NULL DEFAULT '0' COMMENT '是否设置为封面',
  `createtime` int(10) unsigned NOT NULL COMMENT '创建时间',
  `imgpath` varchar(200) NOT NULL DEFAULT '' COMMENT '绝对路径',
  PRIMARY KEY (`id`),
  KEY `indx_uniacid` (`uniacid`),
  KEY `indx_rid` (`rid`),
  KEY `indx_from_user` (`from_user`)
) ENGINE=MyISAM AUTO_INCREMENT=1920 DEFAULT CHARSET=utf8;


CREATE TABLE IF NOT EXISTS `ims_fm_photosvote_provevote_videoarr` (
  `id` int(10) unsigned NOT NULL AUTO_INCREMENT,
  `rid` int(10) unsigned NOT NULL DEFAULT '0' COMMENT '规则id',
  `mid` int(10) unsigned NOT NULL,
  `uniacid` int(10) unsigned NOT NULL,
  `weid` int(10) unsigned NOT NULL COMMENT '公众号ID',
  `from_user` varchar(255) NOT NULL DEFAULT '' COMMENT '用户openid',
  `video` varchar(200) NOT NULL DEFAULT '' COMMENT '图片',
  `status` tinyint(1) unsigned NOT NULL DEFAULT '1' COMMENT '是否显示',
  `isfm` tinyint(1) unsigned NOT NULL DEFAULT '0' COMMENT '是否设置为封面',
  `createtime` int(10) unsigned NOT NULL COMMENT '创建时间',
  `videoname` varchar(255) NOT NULL,
  `videopath` varchar(200) NOT NULL,
  `videonamefop` varchar(255) NOT NULL,
  PRIMARY KEY (`id`),
  KEY `indx_uniacid` (`uniacid`),
  KEY `indx_rid` (`rid`),
  KEY `indx_from_user` (`from_user`)
) ENGINE=InnoDB AUTO_INCREMENT=3 DEFAULT CHARSET=utf8;


CREATE TABLE IF NOT EXISTS `ims_fm_photosvote_provevote_voice` (
  `id` int(10) unsigned NOT NULL AUTO_INCREMENT,
  `rid` int(10) unsigned NOT NULL DEFAULT '0' COMMENT '规则id',
  `uniacid` int(10) unsigned NOT NULL COMMENT '公众号ID',
  `weid` int(10) unsigned NOT NULL COMMENT '公众号ID',
  `from_user` varchar(555) NOT NULL DEFAULT '' COMMENT 'openid',
  `mediaid` varchar(200) NOT NULL DEFAULT '' COMMENT '音乐id',
  `timelength` varchar(200) NOT NULL DEFAULT '' COMMENT '时间轴',
  `voice` varchar(200) NOT NULL DEFAULT '' COMMENT '音乐',
  `fmmid` varchar(200) NOT NULL DEFAULT '' COMMENT '识别',
  `ip` varchar(255) NOT NULL DEFAULT '' COMMENT 'IP',
  `createtime` int(11) NOT NULL COMMENT '初始时间',
  PRIMARY KEY (`id`),
  KEY `indx_uniacid` (`uniacid`),
  KEY `indx_createtime` (`createtime`),
  KEY `indx_from_user` (`from_user`(333)),
  KEY `indx_rid` (`rid`)
) ENGINE=MyISAM AUTO_INCREMENT=4 DEFAULT CHARSET=utf8;


CREATE TABLE IF NOT EXISTS `ims_fm_photosvote_qrcode` (
  `id` int(10) unsigned NOT NULL AUTO_INCREMENT,
  `uniacid` int(10) unsigned NOT NULL,
  `rid` int(10) unsigned NOT NULL,
  `acid` int(10) unsigned NOT NULL,
  `type` varchar(10) NOT NULL,
  `extra` int(10) unsigned NOT NULL,
  `qrcid` bigint(20) NOT NULL,
  `name` varchar(50) NOT NULL,
  `keyword` varchar(100) NOT NULL,
  `model` tinyint(1) unsigned NOT NULL,
  `ticket` varchar(250) NOT NULL,
  `url` varchar(256) NOT NULL,
  `imgurl` varchar(256) NOT NULL,
  `expire` int(10) unsigned NOT NULL,
  `subnum` int(10) unsigned NOT NULL,
  `createtime` int(10) unsigned NOT NULL,
  `status` tinyint(1) unsigned NOT NULL,
  `scene_str` varchar(64) NOT NULL,
  `from_user` varchar(150) NOT NULL,
  `tfrom_user` varchar(150) NOT NULL,
  PRIMARY KEY (`id`),
  KEY `idx_qrcid` (`qrcid`),
  KEY `uniacid` (`uniacid`),
  KEY `ticket` (`ticket`)
) ENGINE=InnoDB AUTO_INCREMENT=10 DEFAULT CHARSET=utf8;


CREATE TABLE IF NOT EXISTS `ims_fm_photosvote_qrcode_stat` (
  `id` int(10) unsigned NOT NULL AUTO_INCREMENT,
  `uniacid` int(10) unsigned NOT NULL,
  `acid` int(10) unsigned NOT NULL,
  `qid` int(10) unsigned NOT NULL,
  `openid` varchar(50) NOT NULL,
  `type` tinyint(1) unsigned NOT NULL,
  `qrcid` bigint(20) unsigned NOT NULL,
  `name` varchar(50) NOT NULL,
  `createtime` int(10) unsigned NOT NULL,
  `scene_str` varchar(64) NOT NULL,
  PRIMARY KEY (`id`)
) ENGINE=InnoDB DEFAULT CHARSET=utf8;


CREATE TABLE IF NOT EXISTS `ims_fm_photosvote_qunfa` (
  `id` int(10) unsigned NOT NULL AUTO_INCREMENT,
  `weid` int(10) unsigned NOT NULL,
  `uniacid` int(10) unsigned NOT NULL,
  `rid` int(10) unsigned NOT NULL,
  `from_user` varchar(50) NOT NULL,
  `avatar` varchar(200) NOT NULL DEFAULT '' COMMENT '微信头像',
  `nickname` varchar(50) NOT NULL DEFAULT '' COMMENT '微信昵称',
  `type` int(10) unsigned NOT NULL,
  `status` tinyint(1) unsigned NOT NULL,
  `lasttime` int(10) unsigned NOT NULL,
  `createtime` int(10) unsigned NOT NULL,
  PRIMARY KEY (`id`),
  KEY `idx_uniacid` (`uniacid`),
  KEY `idx_rid` (`rid`),
  KEY `idx_from_user` (`from_user`),
  KEY `idx_createtime` (`createtime`)
) ENGINE=MyISAM DEFAULT CHARSET=utf8;


CREATE TABLE IF NOT EXISTS `ims_fm_photosvote_reply` (
  `id` int(10) unsigned NOT NULL AUTO_INCREMENT,
  `rid` int(10) unsigned NOT NULL DEFAULT '0' COMMENT '规则id',
  `uniacid` int(10) unsigned NOT NULL COMMENT '公众号ID',
  `weid` int(10) unsigned NOT NULL COMMENT '公众号ID',
  `status` tinyint(1) unsigned NOT NULL DEFAULT '1' COMMENT '开关状态',
  `title` varchar(50) NOT NULL COMMENT '规则标题',
  `start_time` int(10) unsigned NOT NULL COMMENT '开始时间',
  `end_time` int(10) unsigned NOT NULL COMMENT '结束时间',
  `tstart_time` int(10) unsigned NOT NULL COMMENT '投票开始时间',
  `tend_time` int(10) unsigned NOT NULL COMMENT '投票结束时间',
  `bstart_time` int(10) unsigned NOT NULL COMMENT '报名开始时间',
  `bend_time` int(10) unsigned NOT NULL COMMENT '报名结束时间',
  `ttipstart` varchar(255) NOT NULL COMMENT '投票开始时间',
  `ttipend` varchar(255) NOT NULL COMMENT '投票结束时间',
  `btipstart` varchar(255) NOT NULL COMMENT '报名开始时间',
  `btipend` varchar(255) NOT NULL COMMENT '报名结束时间',
  `picture` varchar(225) NOT NULL COMMENT '规则图片',
  `cn` varchar(30) NOT NULL DEFAULT '0' COMMENT '0',
  `description` varchar(255) NOT NULL COMMENT '描述',
  `content` text NOT NULL COMMENT '内容',
  `stopping` varchar(225) NOT NULL COMMENT 'fx图片',
  `nostart` varchar(225) NOT NULL COMMENT 'fx图片',
  `end` varchar(225) NOT NULL COMMENT 'fx图片',
  `qiniu` varchar(600) NOT NULL COMMENT '七牛',
  `templates` varchar(50) NOT NULL COMMENT '默认模板',
  `isdaojishi` tinyint(1) unsigned NOT NULL DEFAULT '0' COMMENT '倒计时开关',
  `ttipvote` varchar(100) NOT NULL COMMENT '提示',
  `votetime` int(10) unsigned NOT NULL DEFAULT '10' COMMENT '时间',
  `binduniacid` varchar(150) NOT NULL COMMENT '多公众号ID',
  `unimoshi` tinyint(1) unsigned NOT NULL DEFAULT '0' COMMENT '公众号模式',
  `menuid` int(10) unsigned NOT NULL COMMENT '底部导航ID',
  `kftel` varchar(30) NOT NULL COMMENT '客服电话',
  `isadmin` tinyint(1) unsigned NOT NULL DEFAULT '0',
  `fmset` varchar(20) NOT NULL,
  `ismiaoxian` tinyint(1) unsigned NOT NULL DEFAULT '1' COMMENT '秒显开关',
  `mxtimes` int(10) unsigned NOT NULL COMMENT '持续时间',
  `mxnexttime` int(10) unsigned NOT NULL COMMENT '间隔时间',
  `ip` varchar(50) NOT NULL DEFAULT '' COMMENT '编辑IP',
  `iparr` varchar(200) NOT NULL DEFAULT '' COMMENT 'ip地区',
  PRIMARY KEY (`id`),
  KEY `indx_uniacid` (`uniacid`),
  KEY `indx_rid` (`rid`)
) ENGINE=MyISAM AUTO_INCREMENT=41 DEFAULT CHARSET=utf8;


CREATE TABLE IF NOT EXISTS `ims_fm_photosvote_reply_body` (
  `id` int(10) unsigned NOT NULL AUTO_INCREMENT,
  `rid` int(10) unsigned NOT NULL DEFAULT '0' COMMENT '规则id',
  `zbgcolor` varchar(10) NOT NULL COMMENT '背景色',
  `zbg` varchar(125) NOT NULL COMMENT '背景图',
  `voicebg` varchar(125) NOT NULL COMMENT '录音室背景',
  `zbgtj` varchar(125) NOT NULL COMMENT '背景图',
  `topbgcolor` varchar(10) NOT NULL COMMENT '背景图',
  `topbg` varchar(125) NOT NULL COMMENT '背景图',
  `topbgtext` varchar(125) NOT NULL COMMENT '背景图',
  `topbgrightcolor` varchar(10) NOT NULL COMMENT '背景图',
  `topbgright` varchar(125) NOT NULL COMMENT '背景图',
  `foobg1` varchar(125) NOT NULL COMMENT '背景图',
  `foobg2` varchar(125) NOT NULL COMMENT '背景图',
  `foobgtextn` varchar(125) NOT NULL COMMENT '背景图',
  `foobgtexty` varchar(125) NOT NULL COMMENT '背景图',
  `foobgtextmore` varchar(125) NOT NULL COMMENT '背景图',
  `foobgmorecolor` varchar(10) NOT NULL COMMENT '背景图',
  `foobgmore` varchar(125) NOT NULL COMMENT '背景图',
  `bodytextcolor` varchar(10) NOT NULL COMMENT '背景图',
  `bodynumcolor` varchar(10) NOT NULL COMMENT '背景图',
  `inputcolor` varchar(10) NOT NULL COMMENT '背景图',
  `bodytscolor` varchar(10) NOT NULL COMMENT '背景图',
  `bodytsbg` varchar(125) NOT NULL COMMENT '背景图',
  `xinbg` varchar(125) NOT NULL COMMENT '背景图',
  `copyrightcolor` varchar(10) NOT NULL COMMENT '背景图',
  `photosvote` tinyint(1) unsigned NOT NULL DEFAULT '0' COMMENT '是否开启diy',
  `tuser` tinyint(1) unsigned NOT NULL DEFAULT '0' COMMENT '是否开启diy',
  `paihang` tinyint(1) unsigned NOT NULL DEFAULT '0' COMMENT '是否开启diy',
  `reg` tinyint(1) unsigned NOT NULL DEFAULT '0' COMMENT '是否开启diy',
  `des` tinyint(1) unsigned NOT NULL DEFAULT '0' COMMENT '是否开启diy',
  `other` tinyint(1) unsigned NOT NULL DEFAULT '0' COMMENT '是否开启diy',
  `rbody_photosvote` text NOT NULL COMMENT '内容',
  `rbody_tuser` text NOT NULL COMMENT '内容',
  `rbody_paihang` text NOT NULL COMMENT '内容',
  `rbody_reg` text NOT NULL COMMENT '内容',
  `rbody_des` text NOT NULL COMMENT '内容',
  `tags` tinyint(1) unsigned NOT NULL DEFAULT '0' COMMENT '是否开启diy',
  `rbody_tags` text NOT NULL COMMENT '内容',
  `qxbfooter` text NOT NULL COMMENT '清新版底部菜单',
  `uniacid` int(10) unsigned NOT NULL COMMENT '公众号ID',
  PRIMARY KEY (`id`),
  KEY `indx_rid` (`rid`)
) ENGINE=MyISAM AUTO_INCREMENT=39 DEFAULT CHARSET=utf8;


CREATE TABLE IF NOT EXISTS `ims_fm_photosvote_reply_display` (
  `id` int(10) unsigned NOT NULL AUTO_INCREMENT,
  `rid` int(10) unsigned NOT NULL DEFAULT '0' COMMENT '规则id',
  `istopheader` tinyint(1) unsigned NOT NULL DEFAULT '1' COMMENT '顶部导航',
  `ipannounce` tinyint(1) unsigned NOT NULL DEFAULT '0' COMMENT '顶部公告',
  `isbgaudio` tinyint(1) unsigned NOT NULL DEFAULT '0' COMMENT '背景音乐',
  `bgmusic` varchar(125) NOT NULL COMMENT '背景音乐链接',
  `isedes` tinyint(1) unsigned NOT NULL DEFAULT '1' COMMENT '是否开启首页显示说明',
  `tmoshi` tinyint(1) unsigned NOT NULL DEFAULT '0' COMMENT '首页显示模式',
  `indextpxz` int(10) unsigned NOT NULL DEFAULT '0' COMMENT '首页列表显示数',
  `indexorder` int(3) unsigned NOT NULL DEFAULT '0' COMMENT '首页排序',
  `indexpx` tinyint(1) unsigned NOT NULL DEFAULT '1' COMMENT '活动首页显示,0 按最新排序 1 按人气排序 3 按投票数排序',
  `phbtpxz` int(10) unsigned NOT NULL DEFAULT '0' COMMENT '人气榜显示个数',
  `zanzhums` tinyint(1) unsigned NOT NULL DEFAULT '1' COMMENT '赞助商显示',
  `xuninum` int(10) unsigned NOT NULL DEFAULT '0' COMMENT '虚拟人数',
  `hits` int(10) unsigned NOT NULL DEFAULT '0' COMMENT '点击量',
  `xuninumtime` int(10) unsigned NOT NULL DEFAULT '86400' COMMENT '虚拟间隔时间',
  `xuninuminitial` int(10) unsigned NOT NULL DEFAULT '10' COMMENT '虚拟随机数值1',
  `xuninumending` int(10) unsigned NOT NULL DEFAULT '50' COMMENT '虚拟随机数值2',
  `xuninum_time` int(10) unsigned NOT NULL COMMENT '虚拟随机数值',
  `isrealname` tinyint(1) unsigned NOT NULL DEFAULT '0' COMMENT '是否需要输入姓名0为不需要1为需要',
  `ismobile` tinyint(1) unsigned NOT NULL DEFAULT '0' COMMENT '是否需要输入手机号0为不需要1为需要',
  `isweixin` tinyint(1) unsigned NOT NULL DEFAULT '0' COMMENT '是否需要输入微信号0为不需要1为需要',
  `isqqhao` tinyint(1) unsigned NOT NULL DEFAULT '0' COMMENT '是否需要输入QQ号0为不需要1为需要',
  `isemail` tinyint(1) unsigned NOT NULL DEFAULT '0' COMMENT '是否需要输入邮箱0为不需要1为需要',
  `isjob` tinyint(1) unsigned NOT NULL DEFAULT '0' COMMENT '是否需要输入职业0为不需要1为需要',
  `isxingqu` tinyint(1) unsigned NOT NULL DEFAULT '0' COMMENT '是否需要输入兴趣0为不需要1为需要',
  `isaddress` tinyint(1) unsigned NOT NULL DEFAULT '0' COMMENT '是否需要输入地址0为不需要1为需要',
  `isindex` tinyint(1) unsigned NOT NULL DEFAULT '0' COMMENT '是否首页显示0为不需要1为需要',
  `isreg` tinyint(1) unsigned NOT NULL DEFAULT '0' COMMENT '是否报名页显示0为不需要1为需要',
  `isdes` tinyint(1) unsigned NOT NULL DEFAULT '0' COMMENT '是否描述页显示0为不需要1为需要',
  `isvotexq` tinyint(1) unsigned NOT NULL DEFAULT '0' COMMENT '是否详情页显示0为不需要1为需要',
  `ispaihang` tinyint(1) unsigned NOT NULL DEFAULT '0' COMMENT '是否排行页显示0为不需要1为需要',
  `lapiao` varchar(5) NOT NULL COMMENT '拉票',
  `sharename` varchar(2) NOT NULL COMMENT '分享名字',
  `tpname` varchar(100) NOT NULL COMMENT '投票名称',
  `tpsname` varchar(100) NOT NULL COMMENT '投票数名称',
  `rqname` varchar(100) NOT NULL COMMENT '人气名称',
  `csrs` varchar(10) NOT NULL COMMENT '参赛作品',
  `ljtp` varchar(10) NOT NULL COMMENT '累计投票',
  `cyrs` varchar(10) NOT NULL COMMENT '参与人数',
  `iscopyright` tinyint(1) unsigned NOT NULL DEFAULT '0' COMMENT '0显示公众号版权1为显示自定义版权',
  `copyrighturl` varchar(255) NOT NULL COMMENT '版权链接',
  `copyright` varchar(50) NOT NULL COMMENT '版权',
  `isvoteusers` tinyint(1) unsigned NOT NULL DEFAULT '0' COMMENT '是否显示投票人',
  `regtitlearr` text NOT NULL,
  `csrs_total` varchar(10) NOT NULL COMMENT '参赛作品总数',
  `ljtp_total` varchar(10) NOT NULL COMMENT '累计投票总数',
  `xunips` varchar(10) NOT NULL COMMENT '虚拟累计投票总数',
  `cyrs_total` varchar(10) NOT NULL COMMENT '参与人数总数',
  `iscontent` tinyint(1) unsigned NOT NULL DEFAULT '1' COMMENT '是否开启选手详情页显示说明',
  `unphotosnum` varchar(10) NOT NULL COMMENT '取消票数',
  `isphotosname` tinyint(1) unsigned NOT NULL DEFAULT '1',
  `isregdes` tinyint(1) unsigned NOT NULL DEFAULT '1',
  `openqr` tinyint(1) unsigned NOT NULL DEFAULT '0' COMMENT '是否开启海报二维码',
  `qrset` varchar(255) NOT NULL COMMENT '二维码设置',
  `open_vote_count` tinyint(1) unsigned NOT NULL DEFAULT '1' COMMENT '是否开启显示投票数据',
  `open_vote_size` varchar(255) NOT NULL COMMENT '显示前多少人',
  `uniacid` int(10) unsigned NOT NULL COMMENT '公众号ID',
  PRIMARY KEY (`id`),
  KEY `indx_rid` (`rid`)
) ENGINE=MyISAM AUTO_INCREMENT=39 DEFAULT CHARSET=utf8;


CREATE TABLE IF NOT EXISTS `ims_fm_photosvote_reply_huihua` (
  `id` int(10) unsigned NOT NULL AUTO_INCREMENT,
  `rid` int(10) unsigned NOT NULL DEFAULT '0' COMMENT '规则id',
  `command` varchar(10) NOT NULL COMMENT '报名命令',
  `tcommand` varchar(10) NOT NULL COMMENT '报名命令',
  `ishuodong` tinyint(1) unsigned NOT NULL DEFAULT '0' COMMENT '1 开启',
  `huodongname` varchar(20) NOT NULL COMMENT '活动名字',
  `huodongdes` varchar(50) NOT NULL COMMENT '活动简介',
  `huodongurl` varchar(125) NOT NULL COMMENT '活动链接',
  `hhhdpicture` varchar(125) NOT NULL COMMENT '活动图片',
  `regmessagetemplate` varchar(50) NOT NULL COMMENT '投票创建成功通知报名成功',
  `messagetemplate` varchar(50) NOT NULL COMMENT '投票创建成功通知',
  `shmessagetemplate` varchar(50) NOT NULL COMMENT '投票创建成功通知投票审核成功',
  `fmqftemplate` varchar(50) NOT NULL COMMENT '投票创建成功通知群发消息',
  `msgtemplate` varchar(50) NOT NULL COMMENT '评论通知消息',
  `uniacid` int(10) unsigned NOT NULL COMMENT '公众号ID',
  `endtemplate` varchar(50) NOT NULL COMMENT '投票结束结果通知消息',
  PRIMARY KEY (`id`),
  KEY `indx_rid` (`rid`)
) ENGINE=MyISAM AUTO_INCREMENT=39 DEFAULT CHARSET=utf8;


CREATE TABLE IF NOT EXISTS `ims_fm_photosvote_reply_share` (
  `id` int(10) unsigned NOT NULL AUTO_INCREMENT,
  `rid` int(10) unsigned NOT NULL DEFAULT '0' COMMENT '规则id',
  `subscribe` tinyint(1) unsigned NOT NULL DEFAULT '0' COMMENT '是否强制需要关注公众号才能参与',
  `shareurl` varchar(255) NOT NULL COMMENT '活动网址',
  `sharetitle` varchar(50) NOT NULL COMMENT '分享标题',
  `sharephoto` varchar(225) NOT NULL COMMENT 'fx图片',
  `sharecontent` varchar(100) NOT NULL COMMENT '分享简介',
  `subscribedes` varchar(200) NOT NULL COMMENT '分享提示语',
  `sharelink` varchar(255) NOT NULL DEFAULT '' COMMENT '自定义分享链接',
  `isopentime` tinyint(1) unsigned NOT NULL DEFAULT '0' COMMENT '是否开启限制跳转',
  `open_limittime` int(10) unsigned NOT NULL DEFAULT '0' COMMENT '限制时间',
  `open_url` varchar(255) NOT NULL COMMENT '指定跳转链接',
  `uniacid` int(10) unsigned NOT NULL COMMENT '公众号ID',
  PRIMARY KEY (`id`),
  KEY `indx_rid` (`rid`)
) ENGINE=MyISAM AUTO_INCREMENT=39 DEFAULT CHARSET=utf8;


CREATE TABLE IF NOT EXISTS `ims_fm_photosvote_reply_vote` (
  `id` int(10) unsigned NOT NULL AUTO_INCREMENT,
  `rid` int(10) unsigned NOT NULL DEFAULT '0' COMMENT '规则id',
  `iscode` tinyint(1) unsigned NOT NULL DEFAULT '1' COMMENT '是否开启投票验证码',
  `codekey` varchar(255) NOT NULL COMMENT '验证码key',
  `addpvapp` tinyint(1) unsigned NOT NULL DEFAULT '1' COMMENT '前端是否允许用户报名',
  `isfans` tinyint(1) unsigned NOT NULL DEFAULT '1' COMMENT '0只保存本模块下1同步更新至官方FANS表',
  `mediatype` tinyint(1) unsigned NOT NULL DEFAULT '1' COMMENT '上传模式',
  `mediatypem` tinyint(1) unsigned NOT NULL DEFAULT '1' COMMENT '上传模式',
  `mediatypev` tinyint(1) unsigned NOT NULL DEFAULT '1' COMMENT '上传模式',
  `voicemoshi` tinyint(1) unsigned NOT NULL DEFAULT '0' COMMENT '语音室模式',
  `moshi` tinyint(1) unsigned NOT NULL DEFAULT '1' COMMENT '展示模式： 1 相册模式  2 详情模式',
  `webinfo` text NOT NULL COMMENT '内容',
  `cqtp` tinyint(1) unsigned NOT NULL DEFAULT '1' COMMENT '是否可重复投票',
  `tpsh` tinyint(1) unsigned NOT NULL DEFAULT '1' COMMENT '投稿是否需审核',
  `isbbsreply` tinyint(1) unsigned NOT NULL DEFAULT '1' COMMENT '是否开启评论',
  `tmyushe` tinyint(1) unsigned NOT NULL DEFAULT '1' COMMENT '弹幕评论是否同步到数据库',
  `tmreply` tinyint(1) unsigned NOT NULL DEFAULT '1' COMMENT '弹幕评论是否同步到数据库',
  `isipv` tinyint(1) unsigned NOT NULL DEFAULT '1' COMMENT '是否开启IP作弊限制',
  `ipturl` tinyint(1) unsigned NOT NULL DEFAULT '1' COMMENT '存在作弊ip后是否继续允许查看，投票，评论等',
  `ipstopvote` tinyint(1) unsigned NOT NULL DEFAULT '1' COMMENT '存在作弊ip后是否继续允许查看，投票，评论等',
  `iplocallimit` varchar(100) NOT NULL COMMENT '地区限制',
  `iplocaldes` varchar(100) NOT NULL COMMENT '地区限制',
  `tpxz` int(10) unsigned NOT NULL DEFAULT '0' COMMENT '投稿照片数限制',
  `autolitpic` int(10) unsigned NOT NULL DEFAULT '50' COMMENT '裁剪大小',
  `autozl` int(10) unsigned NOT NULL DEFAULT '50' COMMENT '裁剪质量',
  `limitip` int(10) unsigned NOT NULL DEFAULT '0' COMMENT '投票ip每天限制数',
  `daytpxz` int(10) unsigned NOT NULL DEFAULT '0' COMMENT '每日投票数限制',
  `dayonetp` int(10) unsigned NOT NULL DEFAULT '0' COMMENT '同一选手投票数限制',
  `allonetp` int(10) unsigned NOT NULL DEFAULT '0' COMMENT '同一选手最高投票数',
  `fansmostvote` int(10) unsigned NOT NULL DEFAULT '0' COMMENT '用户最高投票数',
  `userinfo` varchar(200) NOT NULL COMMENT '输入姓名或手机时的提示词',
  `votesuccess` varchar(200) NOT NULL COMMENT '投票成功提示语',
  `limitsd` varchar(20) NOT NULL COMMENT '全体限速',
  `limitsdps` varchar(20) NOT NULL COMMENT '全体限速投机票',
  `votepay` tinyint(1) unsigned NOT NULL DEFAULT '0' COMMENT '是否开启投票付费',
  `votepaytitle` varchar(50) NOT NULL COMMENT '付费名称',
  `votepaydes` varchar(200) NOT NULL COMMENT '付费描述',
  `votepayfee` varchar(50) NOT NULL COMMENT '付费金额',
  `regpay` tinyint(1) unsigned NOT NULL DEFAULT '0' COMMENT '是否开启报名付费',
  `regpaytitle` varchar(50) NOT NULL COMMENT '报名名称',
  `regpaydes` varchar(200) NOT NULL COMMENT '报名描述',
  `regpayfee` varchar(50) NOT NULL COMMENT '报名金额',
  `uni_fansmostvote` int(10) unsigned NOT NULL DEFAULT '0' COMMENT '多用户最高投票数',
  `uni_daytpxz` int(10) unsigned NOT NULL DEFAULT '0' COMMENT '多每日投票数限制',
  `uni_allonetp` int(10) unsigned NOT NULL DEFAULT '0' COMMENT '多同一选手最高投票数',
  `uni_dayonetp` int(10) unsigned NOT NULL DEFAULT '0' COMMENT '多同一选手投票数限制',
  `uni_all_users` int(10) unsigned NOT NULL DEFAULT '0' COMMENT '查看所有用户',
  `votenumpiao` tinyint(1) unsigned NOT NULL DEFAULT '0' COMMENT '是否开启投票用户自定投票数',
  `voteerinfo` tinyint(1) unsigned NOT NULL DEFAULT '0' COMMENT '是否开启投票用户填写信息',
  `usersmostvote` int(10) unsigned NOT NULL DEFAULT '0' COMMENT '选手最高得票数',
  `votestarttime` int(10) unsigned NOT NULL COMMENT '开始时间',
  `voteendtime` int(10) unsigned NOT NULL COMMENT '结束时间',
  `unimoshi` tinyint(1) unsigned NOT NULL DEFAULT '0' COMMENT '公众号模式',
  `ismediatypem` tinyint(1) unsigned NOT NULL DEFAULT '1' COMMENT '上传模式',
  `ismediatypev` tinyint(1) unsigned NOT NULL DEFAULT '1' COMMENT '上传模式',
  `ismediatype` tinyint(1) unsigned NOT NULL DEFAULT '1' COMMENT '上传模式',
  `codekeykey` varchar(255) NOT NULL COMMENT '验证码key',
  `giftvote` tinyint(1) unsigned NOT NULL DEFAULT '0' COMMENT '是否开启送礼物',
  `open_smart` tinyint(1) unsigned NOT NULL DEFAULT '0' COMMENT '是否开启智能刷票模式',
  `limitsd_voter` varchar(20) NOT NULL COMMENT '全体投票者限速',
  `limitsdps_voter` varchar(20) NOT NULL COMMENT '全体投票者限速投机票',
  `open_lbs_localtion` tinyint(1) unsigned NOT NULL DEFAULT '0' COMMENT '是否开启定位',
  `open_lbs_type` tinyint(1) unsigned NOT NULL DEFAULT '1' COMMENT '定位方式 ： 1、H5定位  2、腾讯lbs定位 3、百度lbs定位',
  `open_lbs_key_baidu` varchar(50) NOT NULL COMMENT 'key',
  `open_lbs_key_qq` varchar(50) NOT NULL COMMENT 'key',
  `open_lbs_link` varchar(100) NOT NULL COMMENT 'link',
  `isanswer` tinyint(1) unsigned NOT NULL DEFAULT '0' COMMENT '是否启用答题',
  `answer_times` int(10) unsigned NOT NULL COMMENT '答题次数',
  `answer_times_ps` int(10) unsigned NOT NULL COMMENT '答对获取的投票数',
  `bbsreply_status` tinyint(1) unsigned NOT NULL DEFAULT '1' COMMENT '评论是否审核',
  `opendx` tinyint(1) unsigned NOT NULL DEFAULT '0' COMMENT '是否开启多选投票',
  `limittimes` int(10) unsigned NOT NULL DEFAULT '0' COMMENT '最多选择几人',
  `isopengiftlist` tinyint(1) unsigned NOT NULL DEFAULT '0' COMMENT '是否开启送礼物列表',
  `isallow_modify` tinyint(1) unsigned NOT NULL DEFAULT '0' COMMENT '是否开启报名审核后可以修改',
  `tpxz_video` int(10) unsigned NOT NULL DEFAULT '0' COMMENT '投稿视频数限制',
  `uniacid` int(10) unsigned NOT NULL COMMENT '公众号ID',
  `isopenjsps` tinyint(1) unsigned NOT NULL DEFAULT '0' COMMENT '是否开启取消关注减少票数',
  `isgetiparr` tinyint(1) unsigned NOT NULL DEFAULT '1' COMMENT '是否开启获取IP信息',
  PRIMARY KEY (`id`),
  KEY `indx_rid` (`rid`)
) ENGINE=MyISAM AUTO_INCREMENT=39 DEFAULT CHARSET=utf8;


CREATE TABLE IF NOT EXISTS `ims_fm_photosvote_school` (
  `id` int(10) unsigned NOT NULL AUTO_INCREMENT,
  `rid` int(10) unsigned NOT NULL DEFAULT '0' COMMENT '规则id',
  `uniacid` int(10) unsigned NOT NULL,
  `weid` int(10) unsigned NOT NULL COMMENT '公众号ID',
  `parentid` int(10) unsigned NOT NULL COMMENT 'pid',
  `title` varchar(100) NOT NULL DEFAULT '',
  `description` varchar(200) NOT NULL DEFAULT '',
  `icon` varchar(200) NOT NULL DEFAULT '',
  `images` varchar(255) NOT NULL DEFAULT '',
  `displayorder` int(10) unsigned NOT NULL DEFAULT '0',
  `piaoshu` int(10) unsigned NOT NULL DEFAULT '0',
  `createtime` int(10) unsigned NOT NULL DEFAULT '0',
  PRIMARY KEY (`id`),
  KEY `indx_uniacid` (`uniacid`),
  KEY `indx_createtime` (`createtime`)
) ENGINE=MyISAM DEFAULT CHARSET=utf8;


CREATE TABLE IF NOT EXISTS `ims_fm_photosvote_source` (
  `id` int(10) unsigned NOT NULL AUTO_INCREMENT,
  `rid` int(10) unsigned NOT NULL DEFAULT '0' COMMENT '规则id',
  `uniacid` int(10) unsigned NOT NULL,
  `weid` int(10) unsigned NOT NULL COMMENT '公众号ID',
  `parentid` int(10) unsigned NOT NULL COMMENT 'pid',
  `title` varchar(100) NOT NULL DEFAULT '',
  `description` varchar(200) NOT NULL DEFAULT '',
  `icon` varchar(200) NOT NULL DEFAULT '',
  `images` varchar(255) NOT NULL DEFAULT '',
  `displayorder` int(10) unsigned NOT NULL DEFAULT '0',
  `piaoshu` int(10) unsigned NOT NULL DEFAULT '0',
  `createtime` int(10) unsigned NOT NULL DEFAULT '0',
  PRIMARY KEY (`id`),
  KEY `indx_uniacid` (`uniacid`),
  KEY `indx_createtime` (`createtime`)
) ENGINE=MyISAM DEFAULT CHARSET=utf8;


CREATE TABLE IF NOT EXISTS `ims_fm_photosvote_tags` (
  `id` int(10) unsigned NOT NULL AUTO_INCREMENT,
  `rid` int(10) unsigned NOT NULL DEFAULT '0' COMMENT '规则id',
  `uniacid` int(10) unsigned NOT NULL,
  `weid` int(10) unsigned NOT NULL COMMENT '公众号ID',
  `title` varchar(100) NOT NULL DEFAULT '',
  `icon` varchar(200) NOT NULL DEFAULT '',
  `displayorder` int(10) unsigned NOT NULL DEFAULT '0',
  `createtime` int(10) unsigned NOT NULL DEFAULT '0',
  `parentid` int(10) unsigned NOT NULL COMMENT 'pid',
  `description` varchar(200) NOT NULL DEFAULT '',
  `piaoshu` int(10) unsigned NOT NULL COMMENT 'piaoshu',
  `images` varchar(255) NOT NULL DEFAULT '',
  PRIMARY KEY (`id`),
  KEY `indx_uniacid` (`uniacid`),
  KEY `indx_createtime` (`createtime`)
) ENGINE=MyISAM AUTO_INCREMENT=31 DEFAULT CHARSET=utf8;


CREATE TABLE IF NOT EXISTS `ims_fm_photosvote_templates` (
  `id` int(10) unsigned NOT NULL AUTO_INCREMENT,
  `rid` int(10) unsigned NOT NULL DEFAULT '0' COMMENT '规则id',
  `uniacid` int(10) unsigned NOT NULL,
  `weid` int(10) unsigned NOT NULL COMMENT '公众号ID',
  `name` varchar(30) NOT NULL,
  `title` varchar(30) NOT NULL,
  `version` varchar(64) NOT NULL,
  `author` varchar(50) NOT NULL,
  `description` varchar(500) NOT NULL,
  `thumb` varchar(255) NOT NULL,
  `url` varchar(255) NOT NULL,
  `type` varchar(20) NOT NULL,
  `sections` int(10) unsigned NOT NULL,
  `createtime` int(10) unsigned NOT NULL COMMENT '创建时间',
  `stylename` varchar(30) NOT NULL,
  PRIMARY KEY (`id`)
) ENGINE=MyISAM AUTO_INCREMENT=86 DEFAULT CHARSET=utf8;


CREATE TABLE IF NOT EXISTS `ims_fm_photosvote_templates_designer` (
  `id` int(10) unsigned NOT NULL AUTO_INCREMENT,
  `rid` int(10) unsigned NOT NULL DEFAULT '0' COMMENT '规则id',
  `uniacid` int(10) unsigned NOT NULL,
  `weid` int(10) unsigned NOT NULL COMMENT '公众号ID',
  `stylename` varchar(30) NOT NULL,
  `pagename` varchar(255) NOT NULL DEFAULT '' COMMENT '页面名称',
  `pagetype` tinyint(3) NOT NULL DEFAULT '0' COMMENT '页面类型',
  `pageinfo` text NOT NULL,
  `keyword` varchar(255) DEFAULT '',
  `savetime` varchar(255) NOT NULL DEFAULT '' COMMENT '页面最后保存时间',
  `setdefault` tinyint(3) NOT NULL DEFAULT '0' COMMENT '默认页面',
  `datas` text NOT NULL COMMENT '数据',
  `createtime` int(10) unsigned NOT NULL COMMENT '创建时间',
  PRIMARY KEY (`id`),
  KEY `idx_uniacid` (`uniacid`),
  KEY `idx_pagetype` (`pagetype`),
  FULLTEXT KEY `idx_keyword` (`keyword`)
) ENGINE=MyISAM DEFAULT CHARSET=utf8;


CREATE TABLE IF NOT EXISTS `ims_fm_photosvote_templates_designer_menu` (
  `id` int(11) NOT NULL AUTO_INCREMENT,
  `uniacid` int(11) DEFAULT '0',
  `menuname` varchar(255) DEFAULT '',
  `isdefault` tinyint(3) DEFAULT '0',
  `createtime` int(11) DEFAULT '0',
  `menus` text,
  `params` text,
  PRIMARY KEY (`id`),
  KEY `idx_uniacid` (`uniacid`),
  KEY `idx_isdefault` (`isdefault`),
  KEY `idx_createtime` (`createtime`)
) ENGINE=MyISAM AUTO_INCREMENT=2 DEFAULT CHARSET=utf8;


CREATE TABLE IF NOT EXISTS `ims_fm_photosvote_tousu` (
  `id` int(10) unsigned NOT NULL AUTO_INCREMENT,
  `rid` int(10) unsigned NOT NULL DEFAULT '0' COMMENT '规则id',
  `tstype` int(10) unsigned NOT NULL COMMENT '公众号ID',
  `uniacid` int(10) unsigned NOT NULL,
  `from_user` varchar(255) NOT NULL DEFAULT '' COMMENT '用户openid',
  `avatar` varchar(200) NOT NULL DEFAULT '' COMMENT '微信头像',
  `nickname` varchar(50) NOT NULL DEFAULT '' COMMENT '微信昵称',
  `realname` varchar(20) NOT NULL DEFAULT '' COMMENT '真实姓名',
  `createip` varchar(50) NOT NULL DEFAULT '' COMMENT '创建IP',
  `iparr` varchar(255) NOT NULL DEFAULT '' COMMENT '创建IP',
  `createtime` int(10) unsigned NOT NULL COMMENT '注册时间',
  PRIMARY KEY (`id`),
  KEY `indx_uniacid` (`uniacid`),
  KEY `indx_createtime` (`createtime`),
  KEY `indx_from_user` (`from_user`),
  KEY `indx_rid` (`rid`)
) ENGINE=MyISAM DEFAULT CHARSET=utf8;


CREATE TABLE IF NOT EXISTS `ims_fm_photosvote_user_gift` (
  `id` int(10) unsigned NOT NULL AUTO_INCREMENT,
  `rid` int(10) unsigned NOT NULL DEFAULT '0' COMMENT '规则id',
  `uniacid` int(10) unsigned NOT NULL COMMENT '公众号ID',
  `giftid` int(10) unsigned NOT NULL COMMENT '礼物id',
  `giftnum` int(10) unsigned NOT NULL COMMENT '礼物数量',
  `from_user` varchar(100) NOT NULL COMMENT '用户',
  `status` tinyint(1) NOT NULL DEFAULT '0' COMMENT '1、未使用  2、已使用',
  `lasttime` int(10) unsigned NOT NULL DEFAULT '0' COMMENT '最后更新时间',
  `createtime` int(10) unsigned NOT NULL DEFAULT '0' COMMENT '创建时间',
  `tfrom_user` varchar(100) NOT NULL COMMENT '送给的用户',
  PRIMARY KEY (`id`),
  KEY `indx_rid` (`rid`),
  KEY `indx_uniacid` (`uniacid`)
) ENGINE=MyISAM AUTO_INCREMENT=89 DEFAULT CHARSET=utf8;


CREATE TABLE IF NOT EXISTS `ims_fm_photosvote_user_zsgift` (
  `id` int(10) unsigned NOT NULL AUTO_INCREMENT,
  `rid` int(10) unsigned NOT NULL DEFAULT '0' COMMENT '规则id',
  `uniacid` int(10) unsigned NOT NULL COMMENT '公众号ID',
  `giftid` int(10) unsigned NOT NULL COMMENT '礼物id',
  `giftnum` int(10) unsigned NOT NULL COMMENT '礼物数量',
  `from_user` varchar(100) NOT NULL COMMENT '用户',
  `tfrom_user` varchar(100) NOT NULL COMMENT '送给的用户',
  `status` tinyint(1) NOT NULL DEFAULT '0' COMMENT '1、购买 2、积分 3、赠送',
  `lasttime` int(10) unsigned NOT NULL DEFAULT '0' COMMENT '最后更新时间',
  `createtime` int(10) unsigned NOT NULL DEFAULT '0' COMMENT '创建时间',
  PRIMARY KEY (`id`),
  KEY `indx_rid` (`rid`),
  KEY `indx_uniacid` (`uniacid`)
) ENGINE=MyISAM AUTO_INCREMENT=1553 DEFAULT CHARSET=utf8;


CREATE TABLE IF NOT EXISTS `ims_fm_photosvote_vote_shuapiao` (
  `id` int(10) unsigned NOT NULL AUTO_INCREMENT,
  `weid` int(10) unsigned NOT NULL,
  `uniacid` int(10) unsigned NOT NULL,
  `rid` int(10) unsigned NOT NULL,
  `from_user` varchar(150) NOT NULL,
  `ip` varchar(100) NOT NULL DEFAULT '' COMMENT 'ip',
  `createtime` int(10) unsigned NOT NULL,
  `ua` varchar(300) NOT NULL DEFAULT '' COMMENT 'ua',
  PRIMARY KEY (`id`),
  KEY `idx_uniacid` (`uniacid`),
  KEY `idx_rid` (`rid`),
  KEY `idx_from_user` (`from_user`),
  KEY `idx_ip` (`ip`)
) ENGINE=MyISAM AUTO_INCREMENT=3 DEFAULT CHARSET=utf8;


CREATE TABLE IF NOT EXISTS `ims_fm_photosvote_vote_shuapiaolog` (
  `id` int(10) unsigned NOT NULL AUTO_INCREMENT,
  `weid` int(10) unsigned NOT NULL,
  `uniacid` int(10) unsigned NOT NULL,
  `rid` int(10) unsigned NOT NULL,
  `from_user` varchar(150) NOT NULL,
  `nickname` varchar(50) NOT NULL,
  `avatar` varchar(255) NOT NULL,
  `sex` tinyint(1) NOT NULL DEFAULT '0',
  `realname` varchar(30) NOT NULL,
  `mobile` varchar(30) NOT NULL,
  `status` tinyint(1) unsigned NOT NULL,
  `ip` varchar(100) NOT NULL DEFAULT '' COMMENT 'ip',
  `iparr` varchar(200) NOT NULL DEFAULT '' COMMENT 'IP区域',
  `createtime` int(10) unsigned NOT NULL,
  PRIMARY KEY (`id`),
  KEY `idx_uniacid` (`uniacid`),
  KEY `idx_rid` (`rid`),
  KEY `idx_from_user` (`from_user`),
  KEY `idx_createtime` (`createtime`)
) ENGINE=MyISAM AUTO_INCREMENT=4093 DEFAULT CHARSET=utf8;


CREATE TABLE IF NOT EXISTS `ims_fm_photosvote_voteer` (
  `id` int(10) unsigned NOT NULL AUTO_INCREMENT,
  `weid` int(10) unsigned NOT NULL,
  `uniacid` int(10) unsigned NOT NULL,
  `rid` int(10) unsigned NOT NULL,
  `from_user` varchar(50) NOT NULL,
  `nickname` varchar(50) NOT NULL,
  `avatar` varchar(255) NOT NULL,
  `sex` tinyint(1) NOT NULL DEFAULT '0',
  `realname` varchar(30) NOT NULL,
  `mobile` varchar(30) NOT NULL,
  `status` tinyint(1) unsigned NOT NULL,
  `ip` varchar(100) NOT NULL DEFAULT '' COMMENT 'ip',
  `iparr` varchar(200) NOT NULL DEFAULT '' COMMENT 'IP区域',
  `createtime` int(10) unsigned NOT NULL,
  `jifen` int(10) unsigned NOT NULL,
  `lasttime` int(10) unsigned NOT NULL DEFAULT '0' COMMENT '最后登录时间',
  `chance` int(10) unsigned NOT NULL COMMENT '投票机会',
  `is_user_chance` varchar(10) NOT NULL DEFAULT '' COMMENT '是否使用chance',
  PRIMARY KEY (`id`),
  KEY `idx_uniacid` (`uniacid`),
  KEY `idx_rid` (`rid`),
  KEY `idx_from_user` (`from_user`),
  KEY `idx_mobile` (`mobile`),
  KEY `idx_createtime` (`createtime`)
) ENGINE=MyISAM AUTO_INCREMENT=114004 DEFAULT CHARSET=utf8;


CREATE TABLE IF NOT EXISTS `ims_fm_photosvote_votelog` (
  `id` int(10) unsigned NOT NULL AUTO_INCREMENT,
  `rid` int(10) unsigned NOT NULL DEFAULT '0' COMMENT '规则id',
  `weid` int(10) unsigned NOT NULL COMMENT '公众号ID',
  `uniacid` int(10) unsigned NOT NULL,
  `tptype` int(10) unsigned NOT NULL COMMENT '投票类型 1 微信页面投票  2 微信会话界面',
  `from_user` varchar(255) NOT NULL DEFAULT '' COMMENT '用户openid',
  `tfrom_user` varchar(255) NOT NULL DEFAULT '' COMMENT '被投票用户openid',
  `pscms` varchar(30) NOT NULL DEFAULT '0' COMMENT '0',
  `afrom_user` varchar(255) NOT NULL DEFAULT '' COMMENT '分享用户openid',
  `avatar` varchar(200) NOT NULL DEFAULT '' COMMENT '微信头像',
  `nickname` varchar(50) NOT NULL DEFAULT '' COMMENT '微信昵称',
  `ip` varchar(50) NOT NULL DEFAULT '' COMMENT '投票IP',
  `iparr` varchar(200) NOT NULL DEFAULT '' COMMENT 'ip地区',
  `photosnum` int(10) unsigned NOT NULL DEFAULT '0' COMMENT '票数',
  `createtime` int(10) unsigned NOT NULL COMMENT '投票时间',
  `ordersn` varchar(55) NOT NULL DEFAULT '' COMMENT '投票付款订单号',
  `vote_times` int(10) NOT NULL DEFAULT '1' COMMENT '投票次数',
  `is_del` tinyint(2) DEFAULT '0' COMMENT '是否已删除 0-否 1-是',
  `shuapiao` tinyint(1) unsigned NOT NULL,
  `islp` varchar(100) NOT NULL,
  `mobile_info` varchar(200) NOT NULL DEFAULT '' COMMENT '手机信息',
  PRIMARY KEY (`id`),
  KEY `indx_uniacid` (`uniacid`),
  KEY `indx_rid` (`rid`),
  KEY `indx_createtime` (`createtime`),
  KEY `indx_from_user` (`from_user`)
) ENGINE=MyISAM AUTO_INCREMENT=742829 DEFAULT CHARSET=utf8;

INSERT INTO ims_fm_photosvote_templates VALUES 
('81','0','0','0','stylebase','清新模板','1.0','FantasyMoons Team','FantasyMoons Team','','','all','0','1553101321','');
INSERT INTO ims_fm_photosvote_templates VALUES 
('8','0','76','0','test','模板一','','zhj','','images/76/2016/12/t8I1Rg11X1RGg0GO1HPerHRp1zIG8q.jpg','','all','0','1481247095','');
INSERT INTO ims_fm_photosvote_templates VALUES 
('9','0','90','0','test','自定义','','','','','','all','0','1483932960','');
INSERT INTO ims_fm_photosvote_templates VALUES 
('84','0','0','0','stylemb4','萌宝模板四','1.0','FantasyMoons Team','FantasyMoons Team','','','all','0','1553101321','');
INSERT INTO ims_fm_photosvote_templates VALUES 
('82','0','0','0','stylemb1','萌宝模板一','1.0','FantasyMoons Team','FantasyMoons Team','','','all','0','1553101321','');
INSERT INTO ims_fm_photosvote_templates VALUES 
('83','0','0','0','stylemb3','萌宝模板三','1.0','FantasyMoons Team','FantasyMoons Team','','','all','0','1553101321','');
INSERT INTO ims_fm_photosvote_templates VALUES 
('47','0','52','0','K2018','2018','1.0','','','images/52/2018/07/Rqi7KaWWW5i8Jw75oviLwZWa8W3kZW.png','','all','0','1531815015','');
INSERT INTO ims_fm_photosvote_templates VALUES 
('80','0','0','0','default','默认模板','1.0','FantasyMoons Team','FantasyMoons Team','','','all','0','1553101321','');
INSERT INTO ims_fm_photosvote_templates VALUES 
('85','0','0','0','stylemb5','萌宝模板五','1.0','FantasyMoons Team','FantasyMoons Team','','','all','0','1553101321','');

]]></install>
	<uninstall><![CDATA[DROP TABLE IF EXISTS `ims_fm_photosvote_advs`;
DROP TABLE IF EXISTS `ims_fm_photosvote_announce`;
DROP TABLE IF EXISTS `ims_fm_photosvote_answer`;
DROP TABLE IF EXISTS `ims_fm_photosvote_banners`;
DROP TABLE IF EXISTS `ims_fm_photosvote_bbsreply`;
DROP TABLE IF EXISTS `ims_fm_photosvote_counter`;
DROP TABLE IF EXISTS `ims_fm_photosvote_daoru`;
DROP TABLE IF EXISTS `ims_fm_photosvote_data`;
DROP TABLE IF EXISTS `ims_fm_photosvote_iplist`;
DROP TABLE IF EXISTS `ims_fm_photosvote_iplistlog`;
DROP TABLE IF EXISTS `ims_fm_photosvote_jifen`;
DROP TABLE IF EXISTS `ims_fm_photosvote_jifen_gift`;
DROP TABLE IF EXISTS `ims_fm_photosvote_message`;
DROP TABLE IF EXISTS `ims_fm_photosvote_onlyoauth`;
DROP TABLE IF EXISTS `ims_fm_photosvote_order`;
DROP TABLE IF EXISTS `ims_fm_photosvote_orderlog`;
DROP TABLE IF EXISTS `ims_fm_photosvote_pnametag`;
DROP TABLE IF EXISTS `ims_fm_photosvote_provevote`;
DROP TABLE IF EXISTS `ims_fm_photosvote_provevote_name`;
DROP TABLE IF EXISTS `ims_fm_photosvote_provevote_picarr`;
DROP TABLE IF EXISTS `ims_fm_photosvote_provevote_videoarr`;
DROP TABLE IF EXISTS `ims_fm_photosvote_provevote_voice`;
DROP TABLE IF EXISTS `ims_fm_photosvote_qrcode`;
DROP TABLE IF EXISTS `ims_fm_photosvote_qrcode_stat`;
DROP TABLE IF EXISTS `ims_fm_photosvote_qunfa`;
DROP TABLE IF EXISTS `ims_fm_photosvote_reply`;
DROP TABLE IF EXISTS `ims_fm_photosvote_reply_body`;
DROP TABLE IF EXISTS `ims_fm_photosvote_reply_display`;
DROP TABLE IF EXISTS `ims_fm_photosvote_reply_huihua`;
DROP TABLE IF EXISTS `ims_fm_photosvote_reply_share`;
DROP TABLE IF EXISTS `ims_fm_photosvote_reply_vote`;
DROP TABLE IF EXISTS `ims_fm_photosvote_school`;
DROP TABLE IF EXISTS `ims_fm_photosvote_source`;
DROP TABLE IF EXISTS `ims_fm_photosvote_tags`;
DROP TABLE IF EXISTS `ims_fm_photosvote_templates`;
DROP TABLE IF EXISTS `ims_fm_photosvote_templates_designer`;
DROP TABLE IF EXISTS `ims_fm_photosvote_templates_designer_menu`;
DROP TABLE IF EXISTS `ims_fm_photosvote_tousu`;
DROP TABLE IF EXISTS `ims_fm_photosvote_user_gift`;
DROP TABLE IF EXISTS `ims_fm_photosvote_user_zsgift`;
DROP TABLE IF EXISTS `ims_fm_photosvote_vote_shuapiao`;
DROP TABLE IF EXISTS `ims_fm_photosvote_vote_shuapiaolog`;
DROP TABLE IF EXISTS `ims_fm_photosvote_voteer`;
DROP TABLE IF EXISTS `ims_fm_photosvote_votelog`;
]]></uninstall>
	<upgrade><![CDATA[wazyb_upgrade.php]]></upgrade>

</manifest>
